[06:09:03.980 *] Loading config file: D:\Program Files\OpenMW 0.51.0\openmw.cfg
[06:09:03.984 *] Loading config file: D:/Backups/OneDrive/All/Documents/My Games/OpenMW/play\openmw.cfg
[06:09:04.006 *] Logs dir: D:/Backups/OneDrive/All/Documents/My Games/OpenMW/play
[06:09:04.006 *] User data dir: D:\Backups\OneDrive\All\Documents\My Games\OpenMW/
[06:09:04.006 *] Screenshots dir: D:\Backups\OneDrive\All\Documents\My Games\OpenMW/screenshots
[06:09:04.007 I] OpenMW version 0.51.0
[06:09:04.007 I] Revision: f4bec41444
[06:09:04.008 I] Loading settings file: D:\Program Files\OpenMW 0.51.0\defaults.bin
[06:09:04.029 I] Loading settings file: D:/Backups/OneDrive/All/Documents/My Games/OpenMW/play\settings.cfg
[06:09:04.030 I] Using default (English) font encoding.
[06:09:04.171 W] No such dir: D:\Backups\OneDrive\All\Documents\My Games\OpenMW/data
[06:09:04.184 I] OSG version: 3.6.5
[06:09:04.184 I] SDL version: 2.32.10
[06:09:04.184 I] Loading shader settings file: D:/Backups/OneDrive/All/Documents/My Games/OpenMW/play\shaders.yaml
[06:09:04.749 I] OpenGL Vendor: NVIDIA Corporation
[06:09:04.749 I] OpenGL Renderer: NVIDIA GeForce GTX 1660 SUPER/PCIe/SSE2
[06:09:04.749 I] OpenGL Version: 4.6.0 NVIDIA 610.74
[06:09:04.749 I] Using reverse-z depth buffer
[06:09:05.068 I] Adding BSA archive D:\ProgramFiles\Steam\steamapps\common\Morrowind\Data Files\Morrowind.bsa
[06:09:05.356 I] Adding BSA archive D:\ProgramFiles\Steam\steamapps\common\Morrowind\Data Files\Tribunal.bsa
[06:09:05.646 I] Adding BSA archive D:\ProgramFiles\Steam\steamapps\common\Morrowind\Data Files\Bloodmoon.bsa
[06:09:05.648 I] Adding data directory D:\Program Files\OpenMW 0.51.0\./resources\vfs
[06:09:05.653 I] Adding data directory D:\Program Files\OpenMW 0.51.0\./resources/vfs-mw
[06:09:05.656 I] Adding data directory D:\ProgramFiles\Steam\steamapps\common\Morrowind\Data Files
[06:09:05.689 I] Adding data directory D:\Games\OpenMWMods\graphics-overhaul\PatchesFixesandConsistency\PatchforPurists
[06:09:05.691 I] Adding data directory D:\Games\OpenMWMods\graphics-overhaul\NPCs\RoyalBarenziah\00 Core
[06:09:05.693 I] Adding data directory D:\Games\OpenMWMods\graphics-overhaul\NPCs\RoyalBarenziah\01 Option 3
[06:09:05.693 I] Adding data directory D:\Games\OpenMWMods\graphics-overhaul\NPCs\InterestingOutfitsSolstheim\1. Core
[06:09:05.694 I] Adding data directory D:\Games\OpenMWMods\graphics-overhaul\NPCs\InterestingOutfitsSolstheim\2. TOTSP Compatibility
[06:09:05.695 I] Adding data directory D:\Games\OpenMWMods\graphics-overhaul\NPCs\InterestingOutfitsTamrielRebuiltGuards
[06:09:05.698 I] Adding data directory D:\Games\OpenMWMods\graphics-overhaul\Landscape\FacesofVelAshMire\Data Files
[06:09:05.699 I] Adding data directory D:\Games\OpenMWMods\graphics-overhaul\Landscape\ConceptArtMolagAmurRegionTheGreatScathes\00 Core
[06:09:05.701 I] Adding data directory D:\Games\OpenMWMods\graphics-overhaul\Landscape\SouthernAshlandsOverhaul
[06:09:05.702 I] Adding data directory D:\Games\OpenMWMods\graphics-overhaul\ModdingResources\TamrielData\00 Data Files
[06:09:05.879 I] Adding data directory D:\Games\OpenMWMods\graphics-overhaul\TexturePacks\TamrielDataTextureUpscale
[06:09:05.918 I] Adding data directory D:\Games\OpenMWMods\graphics-overhaul\TexturePacks\SophiesSkoomaSweetshoppe\07 Telvanni Cephalopod Armor TD Cuirass Upscale and Color Match
[06:09:05.919 I] Adding data directory D:\Games\OpenMWMods\graphics-overhaul\PatchesFixesandConsistency\DistantEbonTowerforOpenMW
[06:09:05.919 I] Adding data directory D:\Games\OpenMWMods\graphics-overhaul\ModdingResources\OAABData\00 Core
[06:09:05.948 I] Adding data directory D:\Games\OpenMWMods\graphics-overhaul\PatchesFixesandConsistency\MeshFixv12
[06:09:05.952 I] Adding data directory D:\Games\OpenMWMods\graphics-overhaul\PatchesFixesandConsistency\CorrectMeshes\Data Files
[06:09:05.955 I] Adding data directory D:\Games\OpenMWMods\graphics-overhaul\Performance\MorrowindOptimizationPatch\00 Core
[06:09:05.963 I] Adding data directory D:\Games\OpenMWMods\graphics-overhaul\Gameplay\GraphicHerbalismMWSEandOpenMWEdition\00 Core + Vanilla Meshes
[06:09:05.966 I] Adding data directory D:\Games\OpenMWMods\graphics-overhaul\Performance\MorrowindOptimizationPatch\05 Graphic Herbalism Patch
[06:09:05.967 I] Adding data directory D:\Games\OpenMWMods\graphics-overhaul\Gameplay\GraphicHerbalismMWSEandOpenMWEdition\00 Correct UV Ore + README
[06:09:05.969 I] Adding data directory D:\Games\OpenMWMods\graphics-overhaul\FurnitureandClutter\ProperlySmoothedMeshes\00 Core
[06:09:05.972 I] Adding data directory D:\Games\OpenMWMods\graphics-overhaul\FurnitureandClutter\ProperlySmoothedMeshes\01 Optional Textures
[06:09:05.972 I] Adding data directory D:\Games\OpenMWMods\graphics-overhaul\FurnitureandClutter\ProperlySmoothedMeshes\03 Higher Poly Glowing Candles
[06:09:05.973 I] Adding data directory D:\Games\OpenMWMods\graphics-overhaul\FurnitureandClutter\ProperlySmoothedMeshes\05 Beaker, Flasks - clear glass
[06:09:05.974 I] Adding data directory D:\Games\OpenMWMods\graphics-overhaul\FurnitureandClutter\ProperlySmoothedMeshes\06 Inkwell - cut glass
[06:09:05.976 I] Adding data directory D:\Games\OpenMWMods\graphics-overhaul\Performance\ProjectAtlas\00 Core
[06:09:05.979 I] Adding data directory D:\Games\OpenMWMods\graphics-overhaul\Performance\ProjectAtlas\01 Textures - MET
[06:09:05.980 I] Adding data directory D:\Games\OpenMWMods\graphics-overhaul\Performance\ProjectAtlas\07 Graphic Herbalism Patch
[06:09:05.981 I] Adding data directory D:\Games\OpenMWMods\graphics-overhaul\Architecture\RRModSeriesBetterMeshes\00 - Main Files
[06:09:05.984 I] Adding data directory D:\Games\OpenMWMods\graphics-overhaul\Architecture\RRModSeriesBetterMeshes\04 - Optional - Skooma Pipe 1
[06:09:05.984 I] Adding data directory D:\Games\OpenMWMods\graphics-overhaul\Architecture\RRModSeriesBetterMeshes\BetterCratesAndBarrels
[06:09:05.986 I] Adding data directory D:\Games\OpenMWMods\graphics-overhaul\PatchesFixesandConsistency\JammingsOff\Jammings off(v1.1)\ver1.0(only_Xnif_files)\Data Files
[06:09:05.986 I] Adding data directory D:\Games\OpenMWMods\graphics-overhaul\Landmasses\TamrielRebuilt\00 Core
[06:09:05.991 I] Adding data directory D:\Games\OpenMWMods\graphics-overhaul\TexturePacks\NormalMapsforEverything\TR_PC_SHOTN Normal Mapped Ordenadored by Me
[06:09:06.011 I] Adding data directory D:\Games\OpenMWMods\graphics-overhaul\ModdingResources\TamrielData\01 Data Files - Normal Maps
[06:09:06.012 I] Adding data directory D:\Games\OpenMWMods\graphics-overhaul\TexturePacks\SophiesSkoomaSweetshoppe\24 Mackom Style Heads for Tamriel Data Normal Mapped
[06:09:06.015 I] Adding data directory D:\Games\OpenMWMods\graphics-overhaul\TexturePacks\OAABFullUpscale\main
[06:09:06.018 I] Adding data directory D:\Games\OpenMWMods\graphics-overhaul\TexturePacks\OAABFullUpscale\normals
[06:09:06.023 I] Adding data directory D:\Games\OpenMWMods\graphics-overhaul\TexturePacks\VurtsMorrowindVisualResurgence\OAAB
[06:09:06.024 I] Adding data directory D:\Games\OpenMWMods\graphics-overhaul\TexturePacks\NormalMapsforPremium\Vurt's OAAB Normal Mapped\00 Core
[06:09:06.025 I] Adding data directory D:\Games\OpenMWMods\graphics-overhaul\TexturePacks\NormalMapsforPremium\Vurt's OAAB Normal Mapped\01 Regular Shader Specs
[06:09:06.026 I] Adding data directory D:\Games\OpenMWMods\graphics-overhaul\Water\OpenMWMoreDynamicWaterMeshes
[06:09:06.028 I] Adding data directory D:\Games\OpenMWMods\graphics-overhaul\Landmasses\SolstheimTomboftheSnowPrince
[06:09:06.044 I] Adding data directory D:\Games\OpenMWMods\graphics-overhaul\Landmasses\SolstheimTomboftheSnowPrince\000 Core
[06:09:06.049 I] Adding data directory D:\Games\OpenMWMods\graphics-overhaul\Landmasses\SolstheimTomboftheSnowPrince\010 Optional - Tamriel Data Integration
[06:09:06.050 I] Adding data directory D:\Games\OpenMWMods\graphics-overhaul\Landmasses\SolstheimTomboftheSnowPrince\199 Patch - Forceful Travel NPC Override
[06:09:06.050 I] Adding data directory D:\Games\OpenMWMods\graphics-overhaul\Landmasses\SolstheimTomboftheSnowPrince\200 Addon - Missing Snow Armor Pieces
[06:09:06.051 I] Adding data directory D:\Games\OpenMWMods\graphics-overhaul\Landmasses\SolstheimTomboftheSnowPrince\201 Addon - Fierce Wolf Helms
[06:09:06.052 I] Adding data directory D:\Games\OpenMWMods\graphics-overhaul\TexturePacks\MorrowindEnhancedTextures\MET 6-1 main
[06:09:06.061 I] Adding data directory D:\Games\OpenMWMods\graphics-overhaul\TexturePacks\MorrowindEnhancedTextures\Interface
[06:09:06.062 I] Adding data directory D:\Games\OpenMWMods\graphics-overhaul\TexturePacks\MorrowindEnhancedTextures\atlas
[06:09:06.063 I] Adding data directory D:\Games\OpenMWMods\graphics-overhaul\TexturePacks\NormalMapsforEverything\Morrowind Enhanced Textures Normal Mapped
[06:09:06.071 I] Adding data directory D:\Games\OpenMWMods\graphics-overhaul\TexturePacks\VurtsMorrowindVisualResurgence\main\Data Files
[06:09:06.082 I] Adding data directory D:\Games\OpenMWMods\graphics-overhaul\TexturePacks\NormalMapsforPremium\MVR\00 Core
[06:09:06.091 I] Adding data directory D:\Games\OpenMWMods\graphics-overhaul\TexturePacks\NormalMapsforPremium\MVR\01 Regular Shader Specs
[06:09:06.097 I] Adding data directory D:\Games\OpenMWMods\graphics-overhaul\TexturePacks\VurtsMorrowindVisualResurgence\vfx\Data Files
[06:09:06.098 I] Adding data directory D:\Games\OpenMWMods\graphics-overhaul\Flora\SMReplacerWickwheat\SM_wickwheat\Data files
[06:09:06.099 I] Adding data directory D:\Games\OpenMWMods\graphics-overhaul\Flora\EKMCorkbulbRetexture\01 Preset - Default - 2k
[06:09:06.099 I] Adding data directory D:\Games\OpenMWMods\graphics-overhaul\Landmasses\SolstheimTomboftheSnowPrince\010 Solstheim - HD Worldspace Graphical Replacer
[06:09:06.105 I] Adding data directory D:\Games\OpenMWMods\graphics-overhaul\Landmasses\SolstheimTomboftheSnowPrince\011 Skyrim-Like Trees
[06:09:06.106 I] Adding data directory D:\Games\OpenMWMods\graphics-overhaul\TexturePacks\NormalMapsforEverything\SolstheimTomboftheSnowPrinceGraphicalReplacers
[06:09:06.108 I] Adding data directory D:\Games\OpenMWMods\graphics-overhaul\PatchesFixesandConsistency\MonosMinorModdities\UpscaledTotSPTextures\00 Core
[06:09:06.108 I] Adding data directory D:\Games\OpenMWMods\graphics-overhaul\TexturePacks\NormalMapsforMorrowind\01a Shacks docks and ships (Lysol compatible)
[06:09:06.109 I] Adding data directory D:\Games\OpenMWMods\graphics-overhaul\TexturePacks\NormalMapsforMorrowind\03 Telvanni
[06:09:06.109 I] Adding data directory D:\Games\OpenMWMods\graphics-overhaul\TexturePacks\SophiesSkoomaSweetshoppe\03 Sophie's Normal Maps for Morrowind Telvanni Patch Telvanni Housepod Heightmap Replacement
[06:09:06.110 I] Adding data directory D:\Games\OpenMWMods\graphics-overhaul\TexturePacks\NormalMapsforMorrowind\04 Daedric
[06:09:06.110 I] Adding data directory D:\Games\OpenMWMods\graphics-overhaul\TexturePacks\NormalMapsforEverything\Atlas Textures Normal Mapped\03 Morrowind Enhanced Textures Atlas Normal Maps
[06:09:06.111 I] Adding data directory D:\Games\OpenMWMods\graphics-overhaul\Architecture\DwemerMeshImprovement
[06:09:06.112 I] Adding data directory D:\Games\OpenMWMods\graphics-overhaul\Architecture\DwemerMeshImprovementsRevamped
[06:09:06.114 I] Adding data directory D:\Games\OpenMWMods\graphics-overhaul\Architecture\DaedricRuinsArkitektoraofVvardenfell\HQ\Data Files
[06:09:06.114 I] Adding data directory D:\Games\OpenMWMods\graphics-overhaul\Architecture\ImperialTownsNormalMappedforOpenMW
[06:09:06.114 I] Adding data directory D:\Games\OpenMWMods\graphics-overhaul\Architecture\DragonStatueRevisited\00 Core
[06:09:06.115 I] Adding data directory D:\Games\OpenMWMods\graphics-overhaul\Architecture\DragonStatueReRevistedDeGoofifiedEdition\Dragon Statue Re-Revisted (De-Goofified Edition)
[06:09:06.116 I] Adding data directory D:\Games\OpenMWMods\graphics-overhaul\Architecture\ImperialFortsNormalMappedforOpenMW
[06:09:06.116 I] Adding data directory D:\Games\OpenMWMods\graphics-overhaul\Architecture\ShacksDocksandShipsArkitektoraofVvardenfell\HQ\Data Files
[06:09:06.117 I] Adding data directory D:\Games\OpenMWMods\graphics-overhaul\TexturePacks\KhajiitHasPatchesIfYouHaveCoin\02 Shacks Arkitektora
[06:09:06.117 I] Adding data directory D:\Games\OpenMWMods\graphics-overhaul\Architecture\SewersArkitektoraofVvardenfell\Data Files
[06:09:06.118 I] Adding data directory D:\Games\OpenMWMods\graphics-overhaul\Architecture\GhastlyGlowyfence
[06:09:06.119 I] Adding data directory D:\Games\OpenMWMods\graphics-overhaul\CitiesTowns\BeautifulCitiesofMorrowind\Patches\51 Ghastly Glowyfence patch
[06:09:06.121 I] Adding data directory D:\Games\OpenMWMods\graphics-overhaul\Architecture\RRModSeriesMorrowindStatuesReplacer\00 - Azura Stone
[06:09:06.122 I] Adding data directory D:\Games\OpenMWMods\graphics-overhaul\Architecture\RRModSeriesMorrowindStatuesReplacer\02 - Vivec Statues
[06:09:06.124 I] Adding data directory D:\Games\OpenMWMods\graphics-overhaul\Architecture\RRModSeriesMorrowindStatuesReplacer\03 - Optional - Vivec Statues Coda Fix English
[06:09:06.124 I] Adding data directory D:\Games\OpenMWMods\graphics-overhaul\CitiesTowns\BaarDauMinistryofTruth\Data files
[06:09:06.127 I] Adding data directory D:\Games\OpenMWMods\graphics-overhaul\Architecture\MinistryoftruthBumpmapped
[06:09:06.127 I] Adding data directory D:\Games\OpenMWMods\graphics-overhaul\Architecture\OAABDwemerPavements\00 Core
[06:09:06.127 I] Adding data directory D:\Games\OpenMWMods\graphics-overhaul\Architecture\OAABDwemerPavements\01 Trackless Grazelands Patch
[06:09:06.127 I] Adding data directory D:\Games\OpenMWMods\graphics-overhaul\Architecture\AshlanderCampsTentsandYurtsArkitektoraofVvardenfell\HQ
[06:09:06.128 I] Adding data directory D:\Games\OpenMWMods\graphics-overhaul\Architecture\AshlanderCampsTentsandYurtsArkitektoraofVvardenfell\Normals HQ
[06:09:06.128 I] Adding data directory D:\Games\OpenMWMods\graphics-overhaul\NPCs\NODNPCOutfitDiversity\00 Core
[06:09:06.166 I] Adding data directory D:\Games\OpenMWMods\graphics-overhaul\NPCs\NODNPCOutfitDiversity\MacKom
[06:09:06.167 I] Adding data directory D:\Games\OpenMWMods\graphics-overhaul\TexturePacks\NODNPCOutfitDiversityGigapixelUpscale\00 Core
[06:09:06.175 I] Adding data directory D:\Games\OpenMWMods\graphics-overhaul\TexturePacks\SophiesSkoomaSweetshoppe\01 Sophie's Buoyant Armiger Armor Glow Patch
[06:09:06.176 I] Adding data directory D:\Games\OpenMWMods\graphics-overhaul\NPCs\MacKomsHumanoidHeads\Mackon's Humanoid Heads
[06:09:06.182 I] Adding data directory D:\Games\OpenMWMods\graphics-overhaul\NPCs\NewHairsforMacKomsHeads\Data Files
[06:09:06.187 I] Adding data directory D:\Games\OpenMWMods\graphics-overhaul\NPCs\ExpressiveEyesforMacKomsHeads
[06:09:06.198 I] Adding data directory D:\Games\OpenMWMods\graphics-overhaul\NPCs\DandionsFamiliarLooksOpenMWTexturePathFix
[06:09:06.199 I] Adding data directory D:\Games\OpenMWMods\graphics-overhaul\NPCs\TRheadsreplacerMacKomsheads
[06:09:06.201 I] Adding data directory D:\Games\OpenMWMods\graphics-overhaul\NPCs\ExpressiveEyesforMacKomsHeads\05 TR Heads Replacer Patch
[06:09:06.202 I] Adding data directory D:\Games\OpenMWMods\graphics-overhaul\NPCs\TRHeadsandHairreplacerMackomsHeadsandvariouspatches\00 TR and PT Mackom's Heads & Hair
[06:09:06.211 I] Adding data directory D:\Games\OpenMWMods\graphics-overhaul\NPCs\TRHeadsandHairreplacerMackomsHeadsandvariouspatches\01 TR Hair Textures Upscaled
[06:09:06.212 I] Adding data directory D:\Games\OpenMWMods\graphics-overhaul\NPCs\TRHeadsandHairreplacerMackomsHeadsandvariouspatches\02 TR Argonian Faces Upscaled
[06:09:06.213 I] Adding data directory D:\Games\OpenMWMods\graphics-overhaul\NPCs\TRHeadsandHairreplacerMackomsHeadsandvariouspatches\04 OAAB Mackom's Heads & Hair
[06:09:06.214 I] Adding data directory D:\Games\OpenMWMods\graphics-overhaul\NPCs\DandionsMackomStlyeFixedNormalsforopenmwandTES3MP
[06:09:06.223 I] Adding data directory D:\Games\OpenMWMods\graphics-overhaul\NPCs\MackomsStyleTRPatch
[06:09:06.235 I] Adding data directory D:\Games\OpenMWMods\graphics-overhaul\TexturePacks\SophiesSkoomaSweetshoppe\25 Missing Hair Fixes Mackoms Project Cyrodil and Tamriel Rebuilt
[06:09:06.238 I] Adding data directory D:\Games\OpenMWMods\graphics-overhaul\NPCs\KhajiitHeadPack
[06:09:06.245 I] Adding data directory D:\Games\OpenMWMods\graphics-overhaul\NPCs\WhiskersPatchforMMHVersionAllNPCsandBaseReplace
[06:09:06.247 I] Adding data directory D:\Games\OpenMWMods\graphics-overhaul\PatchesFixesandConsistency\MOMWPatches\30 Whiskers Patch for MMH Version All NPCs and Base Replace Fixed Meshes
[06:09:06.248 I] Adding data directory D:\Games\OpenMWMods\graphics-overhaul\NPCs\EKMTextureEditsKhajiitHeadPack\2a Pluginless Khajiit Head Pack + Vampires GLOW
[06:09:06.249 I] Adding data directory D:\Games\OpenMWMods\graphics-overhaul\NPCs\MackomsStyleTRPatch\Better Bodies TR and Vanilla
[06:09:06.252 I] Adding data directory D:\Games\OpenMWMods\graphics-overhaul\TexturePacks\SophiesSkoomaSweetshoppe\28 Plugin Better Bodies 3.0 Color Fix
[06:09:06.253 I] Adding data directory D:\Games\OpenMWMods\graphics-overhaul\PatchesFixesandConsistency\IndorilHelmetRedoneforMackomsHeads
[06:09:06.254 I] Adding data directory D:\Games\OpenMWMods\graphics-overhaul\NPCs\NewBeastBodiesCleanVersion\Data Files
[06:09:06.255 I] Adding data directory D:\Games\OpenMWMods\graphics-overhaul\NPCs\VurtsArgoniansRetexture\liztail
[06:09:06.256 I] Adding data directory D:\Games\OpenMWMods\graphics-overhaul\NPCs\VurtsArgoniansRetexture\TR\Data Files
[06:09:06.257 I] Adding data directory D:\Games\OpenMWMods\graphics-overhaul\Animation\SimplyWalkingRemastered\Simply Walking (WS Edition)
[06:09:06.257 I] Adding data directory D:\Games\OpenMWMods\graphics-overhaul\Animation\Justalittlebitbetteranimationsforthemagebuildfirstperson
[06:09:06.258 I] Adding data directory D:\Games\OpenMWMods\graphics-overhaul\Animation\ReAnimationv2Roguefirstpersonanimationpack
[06:09:06.259 I] Adding data directory D:\Games\OpenMWMods\graphics-overhaul\Animation\3rdPersonaltAttacks
[06:09:06.262 I] Adding data directory D:\Games\OpenMWMods\graphics-overhaul\Gameplay\GraphicHerbalismMWSEandOpenMWEdition\12 Atlas - Smoothed BC Mushrooms
[06:09:06.263 I] Adding data directory D:\Games\OpenMWMods\graphics-overhaul\Environment\ApelsFireRetexture
[06:09:06.264 I] Adding data directory D:\Games\OpenMWMods\graphics-overhaul\Environment\SubtleSmoke
[06:09:06.265 I] Adding data directory D:\Games\OpenMWMods\graphics-overhaul\Water\BetterWaterfalls\00 Core
[06:09:06.267 I] Adding data directory D:\Games\OpenMWMods\graphics-overhaul\Water\BetterWaterfalls\02 Tamriel Rebuilt Water
[06:09:06.268 I] Adding data directory D:\Games\OpenMWMods\graphics-overhaul\Flora\ComberryBushandIngredientReplacer\Data Files
[06:09:06.270 I] Adding data directory D:\Games\OpenMWMods\graphics-overhaul\TexturePacks\NormalMapsforEverything\PherimComberryBushandIngredientReplacer
[06:09:06.271 I] Adding data directory D:\Games\OpenMWMods\graphics-overhaul\Flora\PherimsFireFernPlantandIngredient\00 Default Red
[06:09:06.272 I] Adding data directory D:\Games\OpenMWMods\graphics-overhaul\Gameplay\GraphicHerbalismMWSEandOpenMWEdition\01 Pherim's Replacers
[06:09:06.273 I] Adding data directory D:\Games\OpenMWMods\graphics-overhaul\Flora\PherimsFireFernPlantandIngredient\GHfix
[06:09:06.273 I] Adding data directory D:\Games\OpenMWMods\graphics-overhaul\TexturePacks\NormalMapsforEverything\PherimFireFernandFirePetal
[06:09:06.274 I] Adding data directory D:\Games\OpenMWMods\graphics-overhaul\Flora\HackleloFixed\Data Files
[06:09:06.274 I] Adding data directory D:\Games\OpenMWMods\graphics-overhaul\Flora\ThickleLoTheSucculentHackleLoMod
[06:09:06.275 I] Adding data directory D:\Games\OpenMWMods\graphics-overhaul\Flora\MidMushroomOverhaul\OAAB Mid Mushroom Overhaul
[06:09:06.275 I] Adding data directory D:\Games\OpenMWMods\graphics-overhaul\Landscape\TheGroveofBenAbi
[06:09:06.276 I] Adding data directory D:\Games\OpenMWMods\graphics-overhaul\Landscape\TheGroveofBenAbiEnhanced
[06:09:06.276 I] Adding data directory D:\Games\OpenMWMods\graphics-overhaul\Landscape\TheMountainofFear
[06:09:06.277 I] Adding data directory D:\Games\OpenMWMods\graphics-overhaul\Landscape\LittleLandscapesPathtoPelagiad
[06:09:06.277 I] Adding data directory D:\Games\OpenMWMods\graphics-overhaul\PatchesFixesandConsistency\MOMWPatches\76 Little Landscape Path to Pelagiad Rock Fix
[06:09:06.278 I] Adding data directory D:\Games\OpenMWMods\graphics-overhaul\Landscape\LittleLandscapesBitterCoastWaterway
[06:09:06.278 I] Adding data directory D:\Games\OpenMWMods\graphics-overhaul\PatchesFixesandConsistency\MOMWPatches\46 Bitter Coast Waterway Cliff Fix
[06:09:06.278 I] Adding data directory D:\Games\OpenMWMods\graphics-overhaul\Landscape\LittleLandscapesPathtoVivecLighthouse
[06:09:06.279 I] Adding data directory D:\Games\OpenMWMods\graphics-overhaul\Landscape\CompatibleOdaiRiverUpperOverhaul\Compatible Odai River Upper Overhaul 1.2\Compatible Odai River Upper Overhaul
[06:09:06.279 I] Adding data directory D:\Games\OpenMWMods\graphics-overhaul\PatchesFixesandConsistency\MOMWPatches\81 Odai River Overhaul Statue Remover Patch
[06:09:06.279 I] Adding data directory D:\Games\OpenMWMods\graphics-overhaul\PatchesFixesandConsistency\MOMWPatches\23 Little Landscapes Seyda Neen Swamp Pools Patched
[06:09:06.279 I] Adding data directory D:\Games\OpenMWMods\graphics-overhaul\Landscape\LittleLandscapesNixHoundHuntingGrounds
[06:09:06.280 I] Adding data directory D:\Games\OpenMWMods\graphics-overhaul\Landscape\LittleLandscapePathtoBalmora
[06:09:06.280 I] Adding data directory D:\Games\OpenMWMods\graphics-overhaul\Landscape\LittleLandscapeFoyadaofSharpTeeth
[06:09:06.280 I] Adding data directory D:\Games\OpenMWMods\graphics-overhaul\PatchesFixesandConsistency\MOMWPatches\78 Little Landscape Foyada of Sharp Teeth Rock Fix
[06:09:06.280 I] Adding data directory D:\Games\OpenMWMods\graphics-overhaul\Landscape\VivecLighthouse\00 Core
[06:09:06.281 I] Adding data directory D:\Games\OpenMWMods\graphics-overhaul\Landscape\VivecLighthouse\01 Patch - Logs on Fire
[06:09:06.281 I] Adding data directory D:\Games\OpenMWMods\graphics-overhaul\Landscape\WitnessStructureTheSeawallofVivec\00 Core
[06:09:06.285 I] Adding data directory D:\Games\OpenMWMods\graphics-overhaul\Landscape\WitnessStructureTheSeawallofVivec\03 Little Landscapes Vivec Islands Patch
[06:09:06.285 I] Adding data directory D:\Games\OpenMWMods\graphics-overhaul\Landscape\GatesofAscadia
[06:09:06.286 I] Adding data directory D:\Games\OpenMWMods\graphics-overhaul\Trees\MelchiorsExcellentGrazelandsAcacia\00 Core
[06:09:06.288 I] Adding data directory D:\Games\OpenMWMods\graphics-overhaul\Trees\VanillaFriendlierGrazelandsAcacia
[06:09:06.288 I] Adding data directory D:\Games\OpenMWMods\graphics-overhaul\Groundcover\OAABSaplings\00 Core
[06:09:06.289 I] Adding data directory D:\Games\OpenMWMods\graphics-overhaul\Groundcover\OAABSaplings\01 BCOM patch
[06:09:06.289 I] Adding data directory D:\Games\OpenMWMods\graphics-overhaul\Groundcover\OAABSaplings\03 Concept Arts plantations patch
[06:09:06.289 I] Adding data directory D:\Games\OpenMWMods\graphics-overhaul\Groundcover\OAABSaplings\04 Great Seawall of Vivec patch
[06:09:06.289 I] Adding data directory D:\Games\OpenMWMods\graphics-overhaul\Groundcover\OAABSaplings\06 Minor Plantations Redone patch
[06:09:06.289 I] Adding data directory D:\Games\OpenMWMods\graphics-overhaul\Groundcover\OAABSaplings\10 Openmw Groundcover Patch
[06:09:06.290 I] Adding data directory D:\Games\OpenMWMods\graphics-overhaul\Groundcover\OAABSaplings\11 Melchior's Excellent Grazelands Acacia patch (OpenMW)
[06:09:06.291 I] Adding data directory D:\Games\OpenMWMods\graphics-overhaul\TexturePacks\NormalMapsforEverything\ExcellentGrazalandsAcacia
[06:09:06.291 I] Adding data directory D:\Games\OpenMWMods\graphics-overhaul\Trees\VanillafriendlyWestGashTreeReplacer\00 Core
[06:09:06.292 I] Adding data directory D:\Games\OpenMWMods\graphics-overhaul\Trees\VanillafriendlyWestGashTreeReplacer\01 HD Textures
[06:09:06.292 I] Adding data directory D:\Games\OpenMWMods\graphics-overhaul\Trees\VanillafriendlyWestGashTreeReplacer\02 Leafy texture
[06:09:06.292 I] Adding data directory D:\Games\OpenMWMods\graphics-overhaul\TexturePacks\SophiesSkoomaSweetshoppe\13 Vanilla Friendly West Gash Trees Normal Mapped
[06:09:06.293 I] Adding data directory D:\Games\OpenMWMods\graphics-overhaul\Trees\RemirosAscadianIslesTrees2
[06:09:06.294 I] Adding data directory D:\Games\OpenMWMods\graphics-overhaul\Trees\VanillaFriendlierAscadianIslesTrees
[06:09:06.294 I] Adding data directory D:\Games\OpenMWMods\graphics-overhaul\TexturePacks\NormalMapsforEverything\RemirosAscadianIslesTrees2
[06:09:06.294 I] Adding data directory D:\Games\OpenMWMods\graphics-overhaul\TexturePacks\SophiesSkoomaSweetshoppe\06 Sophie's Tx_MA_lava05A Normal Map (Heightmap Replacement)
[06:09:06.295 I] Adding data directory D:\Games\OpenMWMods\graphics-overhaul\Environment\PimpmyLava\Pimp my Lava\00 Core
[06:09:06.296 I] Adding data directory D:\Games\OpenMWMods\graphics-overhaul\Environment\PimpmyLava\Pimp my Lava\01 Tamriel_Data Patch
[06:09:06.296 I] Adding data directory D:\Games\OpenMWMods\graphics-overhaul\Environment\PimpmyLava\Pimp my Lava\02 AB_lava replacer
[06:09:06.297 I] Adding data directory D:\Games\OpenMWMods\graphics-overhaul\Environment\ApelsAsuraCoastandSheogorathRegionRetexture
[06:09:06.297 I] Adding data directory D:\Games\OpenMWMods\graphics-overhaul\Environment\SaintJsLandscapeReplacerParallaxTexturesforOpenMW\SaintJ Landscape Replacer Parallax (Half Res)
[06:09:06.298 I] Adding data directory D:\Games\OpenMWMods\graphics-overhaul\Gameplay\GraphicHerbalismMWSEandOpenMWEdition\15 Apel's Azura's Coast
[06:09:06.299 I] Adding data directory D:\Games\OpenMWMods\graphics-overhaul\PatchesFixesandConsistency\CorrectUVRocks\Data Files
[06:09:06.301 I] Adding data directory D:\Games\OpenMWMods\graphics-overhaul\CitiesTowns\AscadianFarmyardOverhaul\Ascadian Farmyard Overhaul\05 Minor Plantations Compatch
[06:09:06.301 I] Adding data directory D:\Games\OpenMWMods\graphics-overhaul\CitiesTowns\MinorPlantationsRedone\MinorPlantationsRedone
[06:09:06.301 I] Adding data directory D:\Games\OpenMWMods\graphics-overhaul\CitiesTowns\AranoPlantationWindmill
[06:09:06.301 I] Adding data directory D:\Games\OpenMWMods\graphics-overhaul\CitiesTowns\HawiaInfrastructure
[06:09:06.301 I] Adding data directory D:\Games\OpenMWMods\graphics-overhaul\Flora\ScumRetexture
[06:09:06.302 I] Adding data directory D:\Games\OpenMWMods\graphics-overhaul\Flora\ScummyScum\Scummy Scum\Data Files
[06:09:06.303 I] Adding data directory D:\Games\OpenMWMods\graphics-overhaul\Flora\PerfectScum
[06:09:06.304 I] Adding data directory D:\Games\OpenMWMods\graphics-overhaul\Creatures\RemirosModGraveyard\LilyPadReplacer
[06:09:06.305 I] Adding data directory D:\Games\OpenMWMods\graphics-overhaul\Interiors\DagothUrWelcomesYou
[06:09:06.305 I] Adding data directory D:\Games\OpenMWMods\graphics-overhaul\Interiors\LibraryofVivecEnhanced\00 Core
[06:09:06.307 I] Adding data directory D:\Games\OpenMWMods\graphics-overhaul\PatchesFixesandConsistency\VIPVegettosImportantPatches\LibraryofVivecEnhanced
[06:09:06.307 I] Adding data directory D:\Games\OpenMWMods\graphics-overhaul\PatchesFixesandConsistency\MOMWPatches\40 NOD+Library of Vivec Enhanced Patch
[06:09:06.308 I] Adding data directory D:\Games\OpenMWMods\graphics-overhaul\Interiors\Akulakhansbestchamber\00 - Core files
[06:09:06.310 I] Adding data directory D:\Games\OpenMWMods\graphics-overhaul\TexturePacks\SophiesSkoomaSweetshoppe\21 Akulukhan's Best Chamber OpenMW
[06:09:06.311 I] Adding data directory D:\Games\OpenMWMods\graphics-overhaul\CitiesTowns\ConceptArtsplantations\00 Core
[06:09:06.315 I] Adding data directory D:\Games\OpenMWMods\graphics-overhaul\PatchesFixesandConsistency\VIPVegettosImportantPatches\ConceptArtPlantations\00 Core
[06:09:06.316 I] Adding data directory D:\Games\OpenMWMods\graphics-overhaul\CavesandDungeons\SanctusShrine\Data files
[06:09:06.316 I] Adding data directory D:\Games\OpenMWMods\graphics-overhaul\Landscape\OAABFoyadaMamaea
[06:09:06.316 I] Adding data directory D:\Games\OpenMWMods\graphics-overhaul\PatchesFixesandConsistency\VariousModsandPatches\OAABFoyadaMamaeaILavaGoodPatch\00 I Lava Good
[06:09:06.317 I] Adding data directory D:\Games\OpenMWMods\graphics-overhaul\Interiors\AldRuhnManorBanners\Data Files
[06:09:06.318 I] Adding data directory D:\Games\OpenMWMods\graphics-overhaul\Interiors\AldRuhnManorBannersUpscaledandNormalMapped\00 Core
[06:09:06.318 I] Adding data directory D:\Games\OpenMWMods\graphics-overhaul\Interiors\AldRuhnManorBannersUpscaledandNormalMapped\01 Normal Maps
[06:09:06.319 I] Adding data directory D:\Games\OpenMWMods\graphics-overhaul\PatchesFixesandConsistency\IngredientsMeshReplacer
[06:09:06.320 I] Adding data directory D:\Games\OpenMWMods\graphics-overhaul\FurnitureandClutter\BetterKegstands
[06:09:06.321 I] Adding data directory D:\Games\OpenMWMods\graphics-overhaul\FurnitureandClutter\ImprovedKwamaEggsandEggSacs\00-Data Files
[06:09:06.322 I] Adding data directory D:\Games\OpenMWMods\graphics-overhaul\ModdingResources\OAABData\07 Improved Kwama Eggs
[06:09:06.323 I] Adding data directory D:\Games\OpenMWMods\graphics-overhaul\Gameplay\GraphicHerbalismMWSEandOpenMWEdition\03 Pherim Pulsing Kwama
[06:09:06.323 I] Adding data directory D:\Games\OpenMWMods\graphics-overhaul\FurnitureandClutter\OneTrueFaithSaintsandFrescoesRetexture\UHQ
[06:09:06.324 I] Adding data directory D:\Games\OpenMWMods\graphics-overhaul\FurnitureandClutter\DunmeriUrnsAestetikaofVvardenfell\HQ
[06:09:06.324 I] Adding data directory D:\Games\OpenMWMods\graphics-overhaul\FurnitureandClutter\DunmeriUrnsAestetikaofVvardenfell\Normals HQ
[06:09:06.325 I] Adding data directory D:\Games\OpenMWMods\graphics-overhaul\FurnitureandClutter\DunmeriUrnsAestetikaofVvardenfell\Atlas HQ
[06:09:06.325 I] Adding data directory D:\Games\OpenMWMods\graphics-overhaul\FurnitureandClutter\DunmeriUrnsAestetikaofVvardenfell\Normals HQ ATLAS
[06:09:06.326 I] Adding data directory D:\Games\OpenMWMods\graphics-overhaul\FurnitureandClutter\LongLiveTheGlasswareRetexture\Long Live The Glassware - Retexture\Data Files
[06:09:06.327 I] Adding data directory D:\Games\OpenMWMods\graphics-overhaul\FurnitureandClutter\LongLiveThePlatesRetexture\Long Live The Plates\Data Files
[06:09:06.328 I] Adding data directory D:\Games\OpenMWMods\graphics-overhaul\FurnitureandClutter\RedwareAestetikaofVvardenfellClutter\HQ
[06:09:06.328 I] Adding data directory D:\Games\OpenMWMods\graphics-overhaul\FurnitureandClutter\RedwareAestetikaofVvardenfellClutter\Atlas HQ
[06:09:06.329 I] Adding data directory D:\Games\OpenMWMods\graphics-overhaul\FurnitureandClutter\ImprovedBetterSkulls\Data Files
[06:09:06.331 I] Adding data directory D:\Games\OpenMWMods\graphics-overhaul\FurnitureandClutter\ImprovedBetterSkulls\Vanilla Textures
[06:09:06.333 I] Adding data directory D:\Games\OpenMWMods\graphics-overhaul\FurnitureandClutter\ImprovedBetterSkulls\01 Improved Better Skulls Textures (Connary)
[06:09:06.334 I] Adding data directory D:\Games\OpenMWMods\graphics-overhaul\FurnitureandClutter\PherimsSmallandWIPMods\Data Files
[06:09:06.335 I] Adding data directory D:\Games\OpenMWMods\graphics-overhaul\FurnitureandClutter\PherimsSmallandWIPMods\Normal Map for OpenMW
[06:09:06.335 I] Adding data directory D:\Games\OpenMWMods\graphics-overhaul\FurnitureandClutter\RZerosRandomRetexturesandReplacers\Quill
[06:09:06.335 I] Adding data directory D:\Games\OpenMWMods\graphics-overhaul\FurnitureandClutter\EKMVanillaBasedPaperLanterns
[06:09:06.343 I] Adding data directory D:\Games\OpenMWMods\graphics-overhaul\FurnitureandClutter\EKMVanillaBasedPaperLanterns\TD
[06:09:06.344 I] Adding data directory D:\Games\OpenMWMods\graphics-overhaul\FurnitureandClutter\EKMVanillaBasedPaperLanterns\OAAB
[06:09:06.345 I] Adding data directory D:\Games\OpenMWMods\graphics-overhaul\FurnitureandClutter\OpenMWContainersAnimated\Containers Animated
[06:09:06.347 I] Adding data directory D:\Games\OpenMWMods\graphics-overhaul\FurnitureandClutter\OpenMWContainersAnimated\Optional\kollops
[06:09:06.348 I] Adding data directory D:\Games\OpenMWMods\graphics-overhaul\FurnitureandClutter\OpenMWVanillaFriendlyAnimatedBasketEdit\00 Core
[06:09:06.349 I] Adding data directory D:\Games\OpenMWMods\graphics-overhaul\FurnitureandClutter\OpenMWVanillaFriendlyAnimatedBasketEdit\01 HD Textures
[06:09:06.350 I] Adding data directory D:\Games\OpenMWMods\graphics-overhaul\FurnitureandClutter\OpenMWVanillaFriendlyAnimatedBasketEdit\02 HD Normal Map
[06:09:06.351 I] Adding data directory D:\Games\OpenMWMods\graphics-overhaul\FurnitureandClutter\ApelsVariousThingsSacks
[06:09:06.352 I] Adding data directory D:\Games\OpenMWMods\graphics-overhaul\FurnitureandClutter\SeptimGoldandDwemerDumacs\00 Core
[06:09:06.354 I] Adding data directory D:\Games\OpenMWMods\graphics-overhaul\FurnitureandClutter\SeptimGoldandDwemerDumacs\01 OpenMW
[06:09:06.355 I] Adding data directory D:\Games\OpenMWMods\graphics-overhaul\FurnitureandClutter\SoulgemReplacer\Data Files
[06:09:06.357 I] Adding data directory D:\Games\OpenMWMods\graphics-overhaul\FurnitureandClutter\SoulgemReplacer\Data Files\Normals
[06:09:06.357 I] Adding data directory D:\Games\OpenMWMods\graphics-overhaul\Clothing\FMUniqueItemsCompilation\Data Files
[06:09:06.364 I] Adding data directory D:\Games\OpenMWMods\graphics-overhaul\FurnitureandClutter\MajesticMuffin\00 Core FMI Unique Items Patch
[06:09:06.365 I] Adding data directory D:\Games\OpenMWMods\graphics-overhaul\FurnitureandClutter\MajesticMuffin\01 4k Base Texture
[06:09:06.365 I] Adding data directory D:\Games\OpenMWMods\graphics-overhaul\FurnitureandClutter\MajesticMuffin\02 4k Normals
[06:09:06.366 I] Adding data directory D:\Games\OpenMWMods\graphics-overhaul\FurnitureandClutter\MajesticMuffin\03 4k Regular Shader Spec
[06:09:06.366 I] Adding data directory D:\Games\OpenMWMods\graphics-overhaul\PatchesFixesandConsistency\MOMWPatches\42 FMGS Unique Items Compilation Mesh Fix
[06:09:06.367 I] Adding data directory D:\Games\OpenMWMods\graphics-overhaul\Weapons\SWJsWeaponSheathingPatches\Unique Items Compilation
[06:09:06.368 I] Adding data directory D:\Games\OpenMWMods\graphics-overhaul\PatchesFixesandConsistency\SWJsminorcompabilitypatches\DaedricAmulet
[06:09:06.369 I] Adding data directory D:\Games\OpenMWMods\graphics-overhaul\FurnitureandClutter\KnowThyAncestors
[06:09:06.370 I] Adding data directory D:\Games\OpenMWMods\graphics-overhaul\PatchesFixesandConsistency\PublicolasMiscModEmporium\Know Thy Ancestors - Serano Tomb Fix (Main)
[06:09:06.370 I] Adding data directory D:\Games\OpenMWMods\graphics-overhaul\TexturePacks\NormalMapsforEverything\Know Thy Ancestors Normal Mapped
[06:09:06.371 I] Adding data directory D:\Games\OpenMWMods\graphics-overhaul\TexturePacks\NormalMapsforEverything\FMGS - Unique Items Compilation Normal Mapped
[06:09:06.373 I] Adding data directory D:\Games\OpenMWMods\graphics-overhaul\FurnitureandClutter\Dunmersashpits\Data files
[06:09:06.373 I] Adding data directory D:\Games\OpenMWMods\graphics-overhaul\Creatures\RemirosModGraveyard\UniqueJewelryRedone
[06:09:06.375 I] Adding data directory D:\Games\OpenMWMods\graphics-overhaul\VFX\Salts\main\Data files
[06:09:06.376 I] Adding data directory D:\Games\OpenMWMods\graphics-overhaul\VFX\Salts\hi-res-glowmaps\Data files
[06:09:06.376 I] Adding data directory D:\Games\OpenMWMods\graphics-overhaul\TexturePacks\NormalMapsforEverything\Salts
[06:09:06.377 I] Adding data directory D:\Games\OpenMWMods\graphics-overhaul\Audio\StoreEntranceChimes
[06:09:06.378 I] Adding data directory D:\Games\OpenMWMods\graphics-overhaul\Audio\StoreEntranceChimesforCyrodiilandTRMainland
[06:09:06.378 I] Adding data directory D:\Games\OpenMWMods\graphics-overhaul\CitiesTowns\BeautifulCitiesofMorrowind\Patches\73 Store Entrance Chimes
[06:09:06.379 I] Adding data directory D:\Games\OpenMWMods\graphics-overhaul\PatchesFixesandConsistency\MOMWPatches\31 Flies Patched
[06:09:06.380 I] Adding data directory D:\Games\OpenMWMods\graphics-overhaul\VFX\Fireflies
[06:09:06.380 I] Adding data directory D:\Games\OpenMWMods\graphics-overhaul\FurnitureandClutter\HDForge\Data Files
[06:09:06.381 I] Adding data directory D:\Games\OpenMWMods\graphics-overhaul\FurnitureandClutter\HDForge\Optional Animated Bellows with Sound [English Version]
[06:09:06.382 I] Adding data directory D:\Games\OpenMWMods\graphics-overhaul\FurnitureandClutter\HDForge\Optional Texture for Glowing Ash
[06:09:06.382 I] Adding data directory D:\Games\OpenMWMods\graphics-overhaul\FurnitureandClutter\HDForge\Improved Meshes only
[06:09:06.383 I] Adding data directory D:\Games\OpenMWMods\graphics-overhaul\FurnitureandClutter\HDForge\Optional HD Bloodmoon Coals Texture
[06:09:06.384 I] Adding data directory D:\Games\OpenMWMods\graphics-overhaul\FurnitureandClutter\HDForgeforOpenMWLua
[06:09:06.384 I] Adding data directory D:\Games\OpenMWMods\graphics-overhaul\TexturePacks\NormalMapsforEverything\HDForge
[06:09:06.385 I] Adding data directory D:\Games\OpenMWMods\graphics-overhaul\TexturePacks\SophiesSkoomaSweetshoppe\02 Sophie's Hircine's Artifacts Hircine Spear Upscaled Fixed and Retextured
[06:09:06.386 I] Adding data directory D:\Games\OpenMWMods\graphics-overhaul\FurnitureandClutter\RealisticSpiderWebs
[06:09:06.387 I] Adding data directory D:\Games\OpenMWMods\graphics-overhaul\Creatures\RemirosModGraveyard\RemirosAlcoholHD
[06:09:06.390 I] Adding data directory D:\Games\OpenMWMods\graphics-overhaul\FurnitureandClutter\BannersandFlagsRetextureAestetikaofVvardenfell\00 Core - HQ
[06:09:06.390 I] Adding data directory D:\Games\OpenMWMods\graphics-overhaul\FurnitureandClutter\BannersandFlagsRetextureAestetikaofVvardenfell\05 TR Ashlanders - HQ
[06:09:06.392 I] Adding data directory D:\Games\OpenMWMods\graphics-overhaul\FurnitureandClutter\BannersandFlagsRetextureAestetikaofVvardenfell\10 Worn Letters - HQ
[06:09:06.392 I] Adding data directory D:\Games\OpenMWMods\graphics-overhaul\FurnitureandClutter\BannersandFlagsRetextureAestetikaofVvardenfell\40 Purist Smith - HQ
[06:09:06.393 I] Adding data directory D:\Games\OpenMWMods\graphics-overhaul\TexturePacks\NormalMapsforPremium\BannersandFlags\00 Core - HQ
[06:09:06.394 I] Adding data directory D:\Games\OpenMWMods\graphics-overhaul\TexturePacks\NormalMapsforPremium\BannersandFlags\05 TR Ashlanders - HQ
[06:09:06.395 I] Adding data directory D:\Games\OpenMWMods\graphics-overhaul\TexturePacks\NormalMapsforPremium\BannersandFlags\10 Worn Letters - HQ
[06:09:06.396 I] Adding data directory D:\Games\OpenMWMods\graphics-overhaul\TexturePacks\NormalMapsforPremium\BannersandFlags\40 Purist Smith - HQ
[06:09:06.397 I] Adding data directory D:\Games\OpenMWMods\graphics-overhaul\FurnitureandClutter\BetterTapestriesandRugsv10\Better Tapestries and Rugs v1.0
[06:09:06.397 I] Adding data directory D:\Games\OpenMWMods\graphics-overhaul\TexturePacks\NormalMapsforPremium\BetterTapestriesandRugs\00 Core
[06:09:06.398 I] Adding data directory D:\Games\OpenMWMods\graphics-overhaul\TexturePacks\NormalMapsforPremium\BetterTapestriesandRugs\01 Regular Shader Specs
[06:09:06.399 I] Adding data directory D:\Games\OpenMWMods\graphics-overhaul\FurnitureandClutter\BetterVivecBanners10\Better Vivec Banners 1.0
[06:09:06.400 I] Adding data directory D:\Games\OpenMWMods\graphics-overhaul\TexturePacks\NormalMapsforPremium\BetterVivecBanners
[06:09:06.400 I] Adding data directory D:\Games\OpenMWMods\graphics-overhaul\Architecture\WelcomeRoadMarkerRetextureAestetikaofVvardenfell\HQ
[06:09:06.401 I] Adding data directory D:\Games\OpenMWMods\graphics-overhaul\PatchesFixesandConsistency\MonosMinorModdities\WelcomeRoadMarkerRetextureAoVNormalMaps
[06:09:06.402 I] Adding data directory D:\Games\OpenMWMods\graphics-overhaul\Architecture\SignpostsReplacerforTamrielRebuiltandVvardenfell\JASPR-V\Data Files
[06:09:06.403 I] Adding data directory D:\Games\OpenMWMods\graphics-overhaul\Architecture\SignpostsReplacerforTamrielRebuiltandVvardenfell\JASPR-TR\Data Files
[06:09:06.405 I] Adding data directory D:\Games\OpenMWMods\graphics-overhaul\FurnitureandClutter\ApelsVariousThingsSigns
[06:09:06.406 I] Adding data directory D:\Games\OpenMWMods\graphics-overhaul\Architecture\UniqueBannersandSignsReplacer
[06:09:06.407 I] Adding data directory D:\Games\OpenMWMods\graphics-overhaul\Architecture\UniqueTavernSignsforTamrielRebuilt
[06:09:06.408 I] Adding data directory D:\Games\OpenMWMods\graphics-overhaul\Environment\BalmoraRoadNormalMaps
[06:09:06.408 I] Adding data directory D:\Games\OpenMWMods\graphics-overhaul\Architecture\FullDwemerRetexture\FULL DWM RTX
[06:09:06.409 I] Adding data directory D:\Games\OpenMWMods\graphics-overhaul\TexturePacks\NormalMapsforPremium\FullDwemerRTXAllinOneNormalMapped
[06:09:06.410 I] Adding data directory D:\Games\OpenMWMods\graphics-overhaul\Architecture\Swayland
[06:09:06.411 I] Adding data directory D:\Games\OpenMWMods\graphics-overhaul\FurnitureandClutter\BetterTelvanniCrystal\Better Telvanni Crystal 4k
[06:09:06.412 I] Adding data directory D:\Games\OpenMWMods\graphics-overhaul\ModdingResources\OAABData\04 Better Telvanni Crystal Patch
[06:09:06.412 I] Adding data directory D:\Games\OpenMWMods\graphics-overhaul\FurnitureandClutter\NormalandSpecularmapsforBetterTelvanniCrystal
[06:09:06.413 I] Adding data directory D:\Games\OpenMWMods\graphics-overhaul\FurnitureandClutter\VibrantIvyandTrellisAdditions\00 Core
[06:09:06.414 I] Adding data directory D:\Games\OpenMWMods\graphics-overhaul\FurnitureandClutter\VibrantIvyandTrellisAdditions\01 BCoM Addon
[06:09:06.414 I] Adding data directory D:\Games\OpenMWMods\graphics-overhaul\FurnitureandClutter\VibrantIvyandTrellisAdditions\02 Trellis addon - BCoM
[06:09:06.414 I] Adding data directory D:\Games\OpenMWMods\graphics-overhaul\Landscape\OAABTheAshenDivide
[06:09:06.415 I] Adding data directory D:\Games\OpenMWMods\graphics-overhaul\Landscape\MarbledZafirbelBay
[06:09:06.417 I] Adding data directory D:\Games\OpenMWMods\graphics-overhaul\FurnitureandClutter\TempleShrinesGlow\Temple Shrines Glow\Data Files
[06:09:06.418 I] Adding data directory D:\Games\OpenMWMods\graphics-overhaul\CitiesTowns\OAABGrazelands\00 Core
[06:09:06.426 I] Adding data directory D:\Games\OpenMWMods\graphics-overhaul\CitiesTowns\OAABGrazelands\03 HD Textures
[06:09:06.426 I] Adding data directory D:\Games\OpenMWMods\graphics-overhaul\TexturePacks\NormalMapsforEverything\OAAB Grazelands Normal Mapped
[06:09:06.427 I] Adding data directory D:\Games\OpenMWMods\graphics-overhaul\PatchesFixesandConsistency\MOMWPatches\08 Trackless Grazeland For OpenMW
[06:09:06.427 I] Adding data directory D:\Games\OpenMWMods\graphics-overhaul\Interiors\AzurasShrineOverhaul\00 - Core files
[06:09:06.429 I] Adding data directory D:\Games\OpenMWMods\graphics-overhaul\Interiors\CavernOfTheIncarnateOverhaul\1CavernOfIncarnateOverhaul
[06:09:06.430 I] Adding data directory D:\Games\OpenMWMods\graphics-overhaul\PatchesFixesandConsistency\CavernOfTheIncarnateOverhaulOpenMWpatch
[06:09:06.431 I] Adding data directory D:\Games\OpenMWMods\graphics-overhaul\Landscape\BallakuTheLonelyTowers
[06:09:06.433 I] Adding data directory D:\Games\OpenMWMods\graphics-overhaul\Landscape\JusticeforKhartagJFK
[06:09:06.435 I] Adding data directory D:\Games\OpenMWMods\graphics-overhaul\Landscape\ImmersiveGrottoEntrances
[06:09:06.438 I] Adding data directory D:\Games\OpenMWMods\graphics-overhaul\PatchesFixesandConsistency\MOMWPatches\20 Immersive Grotto Entrances Patched
[06:09:06.438 I] Adding data directory D:\Games\OpenMWMods\graphics-overhaul\Creatures\DivineDagoths\00 - Core Files
[06:09:06.440 I] Adding data directory D:\Games\OpenMWMods\graphics-overhaul\Creatures\DivineDagoths\01 - No Reflection Maps
[06:09:06.441 I] Adding data directory D:\Games\OpenMWMods\graphics-overhaul\Creatures\DivineDagoths\01 - OpenMW Model Fix
[06:09:06.442 I] Adding data directory D:\Games\OpenMWMods\graphics-overhaul\Creatures\DivineDagoths\01 - Uthol's Greeting
[06:09:06.443 I] Adding data directory D:\Games\OpenMWMods\graphics-overhaul\Creatures\AmazingAtronachsCreatureMeshReplacer\04 Creatures VFX Restoration
[06:09:06.443 I] Adding data directory D:\Games\OpenMWMods\graphics-overhaul\Creatures\AmazingAtronachsCreatureMeshReplacer\04a Shiny Ice Creatures VFX Restoration
[06:09:06.444 I] Adding data directory D:\Games\OpenMWMods\graphics-overhaul\Creatures\AmazingAtronachsCreatureMeshReplacer\05 HD Particle Textures
[06:09:06.444 I] Adding data directory D:\Games\OpenMWMods\graphics-overhaul\Creatures\FlameAtronachsRekindledReplacer\Amazing (Flame) Atronach Rekindled OpenMW\Data Files
[06:09:06.445 I] Adding data directory D:\Games\OpenMWMods\graphics-overhaul\Creatures\SiltStrider\No bump\Data files
[06:09:06.446 I] Adding data directory D:\Games\OpenMWMods\graphics-overhaul\Creatures\SiltStriderAnimationRestored\Data Files
[06:09:06.446 I] Adding data directory D:\Games\OpenMWMods\graphics-overhaul\Creatures\VurtsSiltStriderRetexture\Data Files
[06:09:06.447 I] Adding data directory D:\Games\OpenMWMods\graphics-overhaul\Creatures\NwahStriderVurtPatchwithNormals\00 Core
[06:09:06.447 I] Adding data directory D:\Games\OpenMWMods\graphics-overhaul\Creatures\NwahStriderVurtPatchwithNormals\01 Normal Maps
[06:09:06.448 I] Adding data directory D:\Games\OpenMWMods\graphics-overhaul\Creatures\NwahStriderVurtPatchwithNormals\02 Regular Shader Specs
[06:09:06.448 I] Adding data directory D:\Games\OpenMWMods\graphics-overhaul\Creatures\CliffRacerReplacer20\Data Files
[06:09:06.449 I] Adding data directory D:\Games\OpenMWMods\graphics-overhaul\Creatures\MudcrabReplacer\Data Files
[06:09:06.450 I] Adding data directory D:\Games\OpenMWMods\graphics-overhaul\Creatures\4thUnknownsCreaturesMorrowindEdition
[06:09:06.453 I] Adding data directory D:\Games\OpenMWMods\graphics-overhaul\Creatures\GoblinsRemastered4thUnknowncreatures
[06:09:06.455 I] Adding data directory D:\Games\OpenMWMods\graphics-overhaul\Creatures\GoblinsRemastered4thUnknowncreatures\Vanilla Reskin
[06:09:06.456 I] Adding data directory D:\Games\OpenMWMods\graphics-overhaul\Creatures\KwamaQueenReplacer
[06:09:06.457 I] Adding data directory D:\Games\OpenMWMods\graphics-overhaul\Creatures\KwamaWarriorRemastered4thunknowncreatures
[06:09:06.458 I] Adding data directory D:\Games\OpenMWMods\graphics-overhaul\Creatures\KwamaWarriorRemastered4thunknowncreatures\Vanilla Reskin
[06:09:06.458 I] Adding data directory D:\Games\OpenMWMods\graphics-overhaul\Creatures\KwamaWorkerRemastered4thunknowncreatures
[06:09:06.459 I] Adding data directory D:\Games\OpenMWMods\graphics-overhaul\Creatures\KwamaWorkerRemastered4thunknowncreatures\Vanilla Reskin
[06:09:06.459 I] Adding data directory D:\Games\OpenMWMods\graphics-overhaul\Creatures\ScribRemastered4thUnknownCreatures
[06:09:06.460 I] Adding data directory D:\Games\OpenMWMods\graphics-overhaul\Creatures\ScribRemastered4thUnknownCreatures\Vanilla Reskin
[06:09:06.461 I] Adding data directory D:\Games\OpenMWMods\graphics-overhaul\Creatures\AlitRemasteredSkinwalker21creatures\main
[06:09:06.461 I] Adding data directory D:\Games\OpenMWMods\graphics-overhaul\Creatures\AlitRemasteredSkinwalker21creatures\Vanilla Reskin
[06:09:06.462 I] Adding data directory D:\Games\OpenMWMods\graphics-overhaul\Animation\OntheBlink\Data Files
[06:09:06.462 I] Adding data directory D:\Games\OpenMWMods\graphics-overhaul\Creatures\DreughRemasteredMihailCreatures
[06:09:06.463 I] Adding data directory D:\Games\OpenMWMods\graphics-overhaul\Creatures\DreughRemasteredMihailCreatures\Vanilla Reskin
[06:09:06.464 I] Adding data directory D:\Games\OpenMWMods\graphics-overhaul\Creatures\BlightedAnimalsRetextured
[06:09:06.466 I] Adding data directory D:\Games\OpenMWMods\graphics-overhaul\PatchesFixesandConsistency\Varioustweaksandfixes\BlightedAnimalsRetexturedMET
[06:09:06.468 I] Adding data directory D:\Games\OpenMWMods\graphics-overhaul\TexturePacks\NormalMapsforEverything\BlightedAnimalsRetextured
[06:09:06.469 I] Adding data directory D:\Games\OpenMWMods\graphics-overhaul\Creatures\AlternateSpriggans
[06:09:06.470 I] Adding data directory D:\Games\OpenMWMods\graphics-overhaul\Creatures\ScampReplacer
[06:09:06.471 I] Adding data directory D:\Games\OpenMWMods\graphics-overhaul\Creatures\HungerReplacer\Data Files
[06:09:06.472 I] Adding data directory D:\Games\OpenMWMods\graphics-overhaul\Creatures\OldBlueFin\Old Blue fin
[06:09:06.473 I] Adding data directory D:\Games\OpenMWMods\graphics-overhaul\Creatures\SMBonewalkerReplacer\SM Bonewalker OpenMW\Data files
[06:09:06.474 I] Adding data directory D:\Games\OpenMWMods\graphics-overhaul\Creatures\SMGreaterBonewalkerReplacerOverhaul\sm_GreaterBoneWalker\Data Files
[06:09:06.474 I] Adding data directory D:\Games\OpenMWMods\graphics-overhaul\Creatures\SMWerewolfReplacer\open_mw\SM_Werewolf_Replacer\Data Files
[06:09:06.475 I] Adding data directory D:\Games\OpenMWMods\graphics-overhaul\Creatures\SMWerewolfReplacer\missing meshes fix\data files
[06:09:06.476 I] Adding data directory D:\Games\OpenMWMods\graphics-overhaul\Creatures\SMWerewolfReplacer\black_fur
[06:09:06.477 I] Adding data directory D:\Games\OpenMWMods\graphics-overhaul\Creatures\Blighted4thUnknownsBeastsRetextured\Blighted Creatures Retexture
[06:09:06.478 I] Adding data directory D:\Games\OpenMWMods\graphics-overhaul\TexturePacks\SophiesSkoomaSweetshoppe\18 4thUnknowns Blighted Kwamas and Shalks
[06:09:06.479 I] Adding data directory D:\Games\OpenMWMods\graphics-overhaul\PatchesFixesandConsistency\MonosMinorModdities\OldBlueFinUpscaled\00 Core
[06:09:06.479 I] Adding data directory D:\Games\OpenMWMods\graphics-overhaul\PatchesFixesandConsistency\MonosMinorModdities\OldBlueFinUpscaled\01 Normal Map
[06:09:06.480 I] Adding data directory D:\Games\OpenMWMods\graphics-overhaul\Creatures\WestlyPresentsUniqueWingedTwilights\Data Files
[06:09:06.481 I] Adding data directory D:\Games\OpenMWMods\graphics-overhaul\TexturePacks\NormalMapsforEverything\WestlyPresentsUniqueWingedTwilightsNormalMapped
[06:09:06.481 I] Adding data directory D:\Games\OpenMWMods\graphics-overhaul\Creatures\SMBoneLordReplacerOverhaul\Vanilla_Animations_ver\Data Files
[06:09:06.482 I] Adding data directory D:\Games\OpenMWMods\graphics-overhaul\Creatures\BetterDwarvenSpectresMerandMaidensEdition\00 Core
[06:09:06.484 I] Adding data directory D:\Games\OpenMWMods\graphics-overhaul\Creatures\BetterDwarvenSpectresMerandMaidensEdition\01 Dwarven Spectres
[06:09:06.484 I] Adding data directory D:\Games\OpenMWMods\graphics-overhaul\Creatures\NewWolfReplacer\Data Files
[06:09:06.485 I] Adding data directory D:\Games\OpenMWMods\graphics-overhaul\Creatures\ReturnoftheKingKarstaagOverhaul
[06:09:06.487 I] Adding data directory D:\Games\OpenMWMods\graphics-overhaul\NPCs\RotatsCorprusNativesReplacer
[06:09:06.489 I] Adding data directory D:\Games\OpenMWMods\graphics-overhaul\NPCs\RotatsCorprusNativesReplacer\512px
[06:09:06.489 I] Adding data directory D:\Games\OpenMWMods\graphics-overhaul\Creatures\EKMDunmerCorprusVariants\01 Core - Westly Replacer
[06:09:06.491 I] Adding data directory D:\Games\OpenMWMods\graphics-overhaul\Creatures\EKMDunmerCorprusVariants\03 Plugin - Vanilla Variants All
[06:09:06.491 I] Adding data directory D:\Games\OpenMWMods\graphics-overhaul\NPCs\BetterAlmalexia
[06:09:06.492 I] Adding data directory D:\Games\OpenMWMods\graphics-overhaul\NPCs\YetAnotherGuardDiversity
[06:09:06.494 I] Adding data directory D:\Games\OpenMWMods\graphics-overhaul\CitiesTowns\BeautifulCitiesofMorrowind\Patches\29 Yet Another Guard Diversity - Cephalopod Armor - Waterworks
[06:09:06.494 I] Adding data directory D:\Games\OpenMWMods\graphics-overhaul\NPCs\VEHKConceptartVivecreplacer\Data files
[06:09:06.495 I] Adding data directory D:\Games\OpenMWMods\graphics-overhaul\TexturePacks\NormalMapsforEverything\Danae's Mods AIO Normal Mapped
[06:09:06.555 I] Adding data directory D:\Games\OpenMWMods\graphics-overhaul\TexturePacks\NODNPCOutfitDiversityGigapixelUpscale\00 Core Maps
[06:09:06.565 I] Adding data directory D:\Games\OpenMWMods\graphics-overhaul\NPCs\ByAzura\00 Core
[06:09:06.567 I] Adding data directory D:\Games\OpenMWMods\graphics-overhaul\NPCs\ByAzura\01 High Res Textures
[06:09:06.569 I] Adding data directory D:\Games\OpenMWMods\graphics-overhaul\ModdingResources\StaticSwitchingSystem\static_switching_system
[06:09:06.571 I] Adding data directory D:\Games\OpenMWMods\graphics-overhaul\PatchesFixesandConsistency\MOMWPatches\36 WhiteSuran OpenMW Lua
[06:09:06.572 I] Adding data directory D:\Games\OpenMWMods\graphics-overhaul\CitiesTowns\ImmersiveMournhold
[06:09:06.575 I] Adding data directory D:\Games\OpenMWMods\graphics-overhaul\PatchesFixesandConsistency\MOMWPatches\82 Immersive Mournhold Corner Tower Remover Patch
[06:09:06.575 I] Adding data directory D:\Games\OpenMWMods\graphics-overhaul\PatchesFixesandConsistency\MOMWPatches\38 BCOM+Marbled Zafirbel Bay+WHO Patch
[06:09:06.575 I] Adding data directory D:\Games\OpenMWMods\graphics-overhaul\PatchesFixesandConsistency\MOMWPatches\67 MOMW Sadrith Mora Pathgrid Reset
[06:09:06.576 I] Adding data directory D:\Games\OpenMWMods\graphics-overhaul\CitiesTowns\GuarStablesofVivec\00 Core
[06:09:06.577 I] Adding data directory D:\Games\OpenMWMods\graphics-overhaul\CitiesTowns\GuarStablesofVivec\01 Guar Stables
[06:09:06.577 I] Adding data directory D:\Games\OpenMWMods\graphics-overhaul\CitiesTowns\BeautifulCitiesofMorrowind\00 Core
[06:09:06.634 I] Adding data directory D:\Games\OpenMWMods\graphics-overhaul\CitiesTowns\BeautifulCitiesofMorrowind\01 Waterworks Core
[06:09:06.635 I] Adding data directory D:\Games\OpenMWMods\graphics-overhaul\CitiesTowns\BeautifulCitiesofMorrowind\02 Options\03 Weather Mechanics for (OpenMW) - Required
[06:09:06.635 I] Adding data directory D:\Games\OpenMWMods\graphics-overhaul\CitiesTowns\BeautifulCitiesofMorrowind\02 Options\04 Suran dock expansion
[06:09:06.636 I] Adding data directory D:\Games\OpenMWMods\graphics-overhaul\CitiesTowns\BeautifulCitiesofMorrowind\02 Options\07 Taller Seyda Neen Lighthouse
[06:09:06.636 I] Adding data directory D:\Games\OpenMWMods\graphics-overhaul\CitiesTowns\BeautifulCitiesofMorrowind\02 Options\08 Expanded Sadrith Mora Dock
[06:09:06.637 I] Adding data directory D:\Games\OpenMWMods\graphics-overhaul\CitiesTowns\BeautifulCitiesofMorrowind\02 Options\09 Concept Art Ghostfence Pillars
[06:09:06.638 I] Adding data directory D:\Games\OpenMWMods\graphics-overhaul\CitiesTowns\BeautifulCitiesofMorrowind\02 Options\10 Open Arena
[06:09:06.639 I] Adding data directory D:\Games\OpenMWMods\graphics-overhaul\CitiesTowns\BeautifulCitiesofMorrowind\02 Options\11 Vivec Customization Options
[06:09:06.640 I] Adding data directory D:\Games\OpenMWMods\graphics-overhaul\CitiesTowns\BeautifulCitiesofMorrowind\02 Options\12 Ghostgate - Animated Statues
[06:09:06.640 I] Adding data directory D:\Games\OpenMWMods\graphics-overhaul\CitiesTowns\BeautifulCitiesofMorrowind\02 Options\13 Vanilla Skar
[06:09:06.641 I] Adding data directory D:\Games\OpenMWMods\graphics-overhaul\CitiesTowns\BeautifulCitiesofMorrowind\02 Options\14 More Tribal Erabenimsun
[06:09:06.643 I] Adding data directory D:\Games\OpenMWMods\graphics-overhaul\CitiesTowns\BeautifulCitiesofMorrowind\02 Options\15 Molag Mar Broken Dome
[06:09:06.644 I] Adding data directory D:\Games\OpenMWMods\graphics-overhaul\CitiesTowns\BeautifulCitiesofMorrowind\02 Options\17 Caldera Mages Guild Basement
[06:09:06.644 I] Adding data directory D:\Games\OpenMWMods\graphics-overhaul\CitiesTowns\BeautifulCitiesofMorrowind\02 Options\18 Urshilaku Camp Concept Art Husk
[06:09:06.645 I] Adding data directory D:\Games\OpenMWMods\graphics-overhaul\CitiesTowns\BeautifulCitiesofMorrowind\02 Options\19 Ald'Ruhn Outdoor Merchants
[06:09:06.645 I] Adding data directory D:\Games\OpenMWMods\graphics-overhaul\CitiesTowns\BeautifulCitiesofMorrowind\02 Options\20 Imperial Gatehouses Addon
[06:09:06.646 I] Adding data directory D:\Games\OpenMWMods\graphics-overhaul\CitiesTowns\BeautifulCitiesofMorrowind\02 Options\24 Khuul Lighthouse
[06:09:06.646 I] Adding data directory D:\Games\OpenMWMods\graphics-overhaul\CitiesTowns\BeautifulCitiesofMorrowind\02 Options\25 Sadrith Mora South Gates
[06:09:06.647 I] Adding data directory D:\Games\OpenMWMods\graphics-overhaul\CitiesTowns\BeautifulCitiesofMorrowind\03 Waterworks Options\01 Optional Merchants
[06:09:06.647 I] Adding data directory D:\Games\OpenMWMods\graphics-overhaul\CitiesTowns\BeautifulCitiesofMorrowind\03 Waterworks Options\02 Cluttered Canal
[06:09:06.648 I] Adding data directory D:\Games\OpenMWMods\graphics-overhaul\CitiesTowns\BeautifulCitiesofMorrowind\04 Project Atlas and GiTD Patches\01 Project Atlas Patch
[06:09:06.656 I] Adding data directory D:\Games\OpenMWMods\graphics-overhaul\CitiesTowns\BeautifulCitiesofMorrowind\04 Project Atlas and GiTD Patches\05 RR Statues patch
[06:09:06.657 I] Adding data directory D:\Games\OpenMWMods\graphics-overhaul\CitiesTowns\BeautifulCitiesofMorrowind\06 HD Textures
[06:09:06.663 I] Adding data directory D:\Games\OpenMWMods\graphics-overhaul\CitiesTowns\MaarGanTownofPilgrimage\00 Core
[06:09:06.665 I] Adding data directory D:\Games\OpenMWMods\graphics-overhaul\CitiesTowns\MaarGanTownofPilgrimage\01 Ashlander Addon
[06:09:06.665 I] Adding data directory D:\Games\OpenMWMods\graphics-overhaul\CitiesTowns\MaarGanTownofPilgrimage\02 Magic Rock of Maar Gan
[06:09:06.666 I] Adding data directory D:\Games\OpenMWMods\graphics-overhaul\TexturePacks\SophiesSkoomaSweetshoppe\12 Sophie's Concept Art Ald Skaar 8k Upscale
[06:09:06.667 I] Adding data directory D:\Games\OpenMWMods\graphics-overhaul\TexturePacks\NormalMapsforEverything\BCOM
[06:09:06.676 I] Adding data directory D:\Games\OpenMWMods\graphics-overhaul\PatchesFixesandConsistency\VIPVegettosImportantPatches\TheAshlanders
[06:09:06.677 I] Adding data directory D:\Games\OpenMWMods\graphics-overhaul\PatchesFixesandConsistency\VIPVegettosImportantPatches\UrshilakuSpiritual
[06:09:06.677 I] Adding data directory D:\Games\OpenMWMods\graphics-overhaul\PatchesFixesandConsistency\VIPVegettosImportantPatches\WeWillGoToMountAssarnibibi
[06:09:06.678 I] Adding data directory D:\Games\OpenMWMods\graphics-overhaul\PatchesFixesandConsistency\VIPVegettosImportantPatches\TelAruhnChronichles
[06:09:06.680 I] Adding data directory D:\Games\OpenMWMods\graphics-overhaul\NPCs\TRHeadsandHairreplacerMackomsHeadsandvariouspatches\07 The Seedy Plates Mackom's Heads & Hair
[06:09:06.680 I] Adding data directory D:\Games\OpenMWMods\graphics-overhaul\CitiesTowns\BeautifulCitiesofMorrowind\Patches\01 Patch for Purists
[06:09:06.680 I] Adding data directory D:\Games\OpenMWMods\graphics-overhaul\CitiesTowns\BeautifulCitiesofMorrowind\Patches\03 OAAB Foyada Mamaea
[06:09:06.681 I] Adding data directory D:\Games\OpenMWMods\graphics-overhaul\CitiesTowns\BeautifulCitiesofMorrowind\Patches\10 Concept Art Plantations
[06:09:06.681 I] Adding data directory D:\Games\OpenMWMods\graphics-overhaul\CitiesTowns\BeautifulCitiesofMorrowind\Patches\22 Tamriel Rebuilt patch
[06:09:06.681 I] Adding data directory D:\Games\OpenMWMods\graphics-overhaul\Architecture\VivecandVelothiArkitektoraVol2\Data Files
[06:09:06.681 I] Adding data directory D:\Games\OpenMWMods\graphics-overhaul\Architecture\VivecandVelothiArkitektoraVol2NormalMaps\Vivec and Velothi Arkitektora  - HQ Normals\Data Files
[06:09:06.682 I] Adding data directory D:\Games\OpenMWMods\graphics-overhaul\TexturePacks\SophiesSkoomaSweetshoppe\17 Missing Vivec and Velothi Arkitektora Vol 2 Normals
[06:09:06.682 I] Adding data directory D:\Games\OpenMWMods\graphics-overhaul\TexturePacks\KhajiitHasPatchesIfYouHaveCoin\04 Vivec Arkitektora
[06:09:06.683 I] Adding data directory D:\Games\OpenMWMods\graphics-overhaul\Architecture\HlaaluArkitektoraVol2\HQ
[06:09:06.683 I] Adding data directory D:\Games\OpenMWMods\graphics-overhaul\Architecture\HlaaluArkitektoraVol2\HQ-Atlas
[06:09:06.684 I] Adding data directory D:\Games\OpenMWMods\graphics-overhaul\Architecture\HlaaluArkitektoraVol2NormalMaps\Hlaalu - Arkitektora Vol.2 Normal Maps\Data Files
[06:09:06.684 I] Adding data directory D:\Games\OpenMWMods\graphics-overhaul\Architecture\HlaaluArkitektoraVol2NormalMaps\Hlaalu Arkitektora - ATLAS Normals HQ
[06:09:06.685 I] Adding data directory D:\Games\OpenMWMods\graphics-overhaul\Architecture\RedoranArkitektoraVol2\HQ
[06:09:06.685 I] Adding data directory D:\Games\OpenMWMods\graphics-overhaul\TexturePacks\KhajiitHasPatchesIfYouHaveCoin\01 Redoran Arkitektora
[06:09:06.686 I] Adding data directory D:\Games\OpenMWMods\graphics-overhaul\Architecture\RedoranArkitektoraVol2\TR-HQ\TR Replacer - Structures - Redoran
[06:09:06.687 I] Adding data directory D:\Games\OpenMWMods\graphics-overhaul\Interiors\AldruhnunderSkar\Data files
[06:09:06.689 I] Adding data directory D:\Games\OpenMWMods\graphics-overhaul\Interiors\TamrielRebuiltHallofJusticeOverhaul\00 Core
[06:09:06.694 I] Adding data directory D:\Games\OpenMWMods\graphics-overhaul\TexturePacks\NormalMapsforEverything\TamrielRebuiltHallofJusticeOverhaulNormalMapped
[06:09:06.695 I] Adding data directory D:\Games\OpenMWMods\graphics-overhaul\Architecture\TelvanniMeshImprovement
[06:09:06.697 I] Adding data directory D:\Games\OpenMWMods\graphics-overhaul\Architecture\TelvanniArkitektoraofVvardenfell\HQ\Data Files
[06:09:06.698 I] Adding data directory D:\Games\OpenMWMods\graphics-overhaul\PatchesFixesandConsistency\MonosMinorModdities\TelvanniMeshImprovementArkitektoraPatch
[06:09:06.699 I] Adding data directory D:\Games\OpenMWMods\graphics-overhaul\TexturePacks\SophiesSkoomaSweetshoppe\23 Telvanni Mushroomtop Housepod UV Fix
[06:09:06.700 I] Adding data directory D:\Games\OpenMWMods\graphics-overhaul\TexturePacks\SophiesSkoomaSweetshoppe\29 Tyddys Arkitektora Atlas and Normal Mapped
[06:09:06.701 I] Adding data directory D:\Games\OpenMWMods\graphics-overhaul\TexturePacks\NecromArkitektoraofMorrowind\HQ
[06:09:06.703 I] Adding data directory D:\Games\OpenMWMods\graphics-overhaul\TexturePacks\NecromArkitektoraofMorrowind\NecromMinorMeshesFixes
[06:09:06.704 I] Adding data directory D:\Games\OpenMWMods\graphics-overhaul\TexturePacks\NormalMapsforEverything\NecromArkitektoraHQ
[06:09:06.705 I] Adding data directory D:\Games\OpenMWMods\graphics-overhaul\Architecture\RedoranArkitektoraVol2NormalMaps\Redoran Arkitektora - Buildings HQ Normal Maps Atlas
[06:09:06.706 I] Adding data directory D:\Games\OpenMWMods\graphics-overhaul\Architecture\RedoranArkitektoraVol2NormalMaps\Redoran Arkitektora - HQ Normals\Data
[06:09:06.706 I] Adding data directory D:\Games\OpenMWMods\graphics-overhaul\Architecture\RedoranArkitektoraVol2\UHDAldSkar
[06:09:06.707 I] Adding data directory D:\Games\OpenMWMods\graphics-overhaul\TexturePacks\NormalMapsforPremium\AldSkarUHDNormalMapped\00 Core
[06:09:06.707 I] Adding data directory D:\Games\OpenMWMods\graphics-overhaul\TexturePacks\NormalMapsforPremium\AldSkarUHDNormalMapped\01 Regular Shader Specs
[06:09:06.708 I] Adding data directory D:\Games\OpenMWMods\graphics-overhaul\Environment\SaintJsTamrielRebuiltLandscapeReTextureParallax\TR Landscape Replacer
[06:09:06.709 I] Adding data directory D:\Games\OpenMWMods\graphics-overhaul\CitiesTowns\VelothiWallArt\Velothi Wall Art\Data Files
[06:09:06.710 I] Adding data directory D:\Games\OpenMWMods\graphics-overhaul\CitiesTowns\BeautifulCitiesofMorrowind\Patches\48 Velothi Wall Art
[06:09:06.710 I] Adding data directory D:\Games\OpenMWMods\graphics-overhaul\CitiesTowns\ConceptArtPalaceVivecCity\00 Core
[06:09:06.715 I] Adding data directory D:\Games\OpenMWMods\graphics-overhaul\CitiesTowns\ConceptArtPalaceVivecCity\01 Symmetrical Palace
[06:09:06.715 I] Adding data directory D:\Games\OpenMWMods\graphics-overhaul\CitiesTowns\ConceptArtPalaceVivecCity\02 Interior Cluttering
[06:09:06.716 I] Adding data directory D:\Games\OpenMWMods\graphics-overhaul\CitiesTowns\ConceptArtPalaceVivecCity\03 Flame - Option 1
[06:09:06.717 I] Adding data directory D:\Games\OpenMWMods\graphics-overhaul\CitiesTowns\ConceptArtPalaceVivecCity\04 Rotating Planets
[06:09:06.717 I] Adding data directory D:\Games\OpenMWMods\graphics-overhaul\CitiesTowns\ConceptArtPalaceVivecCity\06 Columns - Concept Art Scribbles - Symmetric Palace
[06:09:06.718 I] Adding data directory D:\Games\OpenMWMods\graphics-overhaul\CitiesTowns\ConceptArtPalaceVivecCity\07 Decorated Bridge
[06:09:06.718 I] Adding data directory D:\Games\OpenMWMods\graphics-overhaul\CitiesTowns\ConceptArtPalaceVivecCity\08 Cluttered Staircase
[06:09:06.718 I] Adding data directory D:\Games\OpenMWMods\graphics-overhaul\CitiesTowns\ConceptArtPalaceVivecCity\09 Unique Door
[06:09:06.719 I] Adding data directory D:\Games\OpenMWMods\graphics-overhaul\CitiesTowns\ConceptArtPalaceVivecCity\10 TR Water - Symmetric - Original Colour
[06:09:06.719 I] Adding data directory D:\Games\OpenMWMods\graphics-overhaul\CitiesTowns\ConceptArtPalaceVivecCity\Concept Art Palace distant flames
[06:09:06.720 I] Adding data directory D:\Games\OpenMWMods\graphics-overhaul\PatchesFixesandConsistency\BetterFlamesforConceptArtPalaceVivecCityOpenMWVersion\00 Green-Yellow
[06:09:06.721 I] Adding data directory D:\Games\OpenMWMods\graphics-overhaul\PatchesFixesandConsistency\VIPVegettosImportantPatches\ConceptArtPalace
[06:09:06.722 I] Adding data directory D:\Games\OpenMWMods\graphics-overhaul\Landscape\HolamayanIsland\Data files
[06:09:06.722 I] Adding data directory D:\Games\OpenMWMods\graphics-overhaul\CitiesTowns\RRModSeriesTelvanniLighthouseTelBranora\01 - Main ESP - English
[06:09:06.722 I] Adding data directory D:\Games\OpenMWMods\graphics-overhaul\CitiesTowns\RRModSeriesTelvanniLighthouseTelVos\00 - Main Files
[06:09:06.724 I] Adding data directory D:\Games\OpenMWMods\graphics-overhaul\CitiesTowns\RRModSeriesTelvanniLighthouseTelVos\00 - Main patch files
[06:09:06.724 I] Adding data directory D:\Games\OpenMWMods\graphics-overhaul\CitiesTowns\RRModSeriesTelvanniLighthouseTelVos\01 - Main Files GITD Patch
[06:09:06.726 I] Adding data directory D:\Games\OpenMWMods\graphics-overhaul\CitiesTowns\RRModSeriesTelvanniLighthouseTelVos\02 - Main ESP - English
[06:09:06.726 I] Adding data directory D:\Games\OpenMWMods\graphics-overhaul\CitiesTowns\OAABTelMora\00 Core
[06:09:06.729 I] Adding data directory D:\Games\OpenMWMods\graphics-overhaul\CitiesTowns\OAABTelMora\01 Female Guards
[06:09:06.729 I] Adding data directory D:\Games\OpenMWMods\graphics-overhaul\CitiesTowns\OAABTelMora\02 HD Textures
[06:09:06.730 I] Adding data directory D:\Games\OpenMWMods\graphics-overhaul\TexturePacks\NormalMapsforEverything\OAAB Tel Mora Normal Mapped
[06:09:06.731 I] Adding data directory D:\Games\OpenMWMods\graphics-overhaul\TexturePacks\SophiesSkoomaSweetshoppe\04 Sophie's Normal Maps for Morrowind OAAB Tel Mora Normal Heightmap Replacement and Mesh Edit
[06:09:06.732 I] Adding data directory D:\Games\OpenMWMods\graphics-overhaul\Interiors\AlmalexiasChamberOverhaul\00 Core
[06:09:06.733 I] Adding data directory D:\Games\OpenMWMods\graphics-overhaul\Interiors\AlmalexiasChamberOverhaul\04 OpenMW NormalMaps
[06:09:06.733 I] Adding data directory D:\Games\OpenMWMods\graphics-overhaul\CitiesTowns\NordicDagonFel\00 Core
[06:09:06.736 I] Adding data directory D:\Games\OpenMWMods\graphics-overhaul\CitiesTowns\NordicDagonFel\01 More Nordic Dagon Fel
[06:09:06.737 I] Adding data directory D:\Games\OpenMWMods\graphics-overhaul\CitiesTowns\DagonFelMillRedux
[06:09:06.737 I] Adding data directory D:\Games\OpenMWMods\graphics-overhaul\NPCs\NordicDagonFelNPCs
[06:09:06.737 I] Adding data directory D:\Games\OpenMWMods\graphics-overhaul\CitiesTowns\AldruhnArchitectureVariety\00 Core
[06:09:06.739 I] Adding data directory D:\Games\OpenMWMods\graphics-overhaul\Interiors\RatinthePotOAABifiedandTRd
[06:09:06.739 I] Adding data directory D:\Games\OpenMWMods\graphics-overhaul\Interiors\TempleBalmoraOAABifiedandTRd
[06:09:06.739 I] Adding data directory D:\Games\OpenMWMods\graphics-overhaul\CitiesTowns\RavenRockEnhanced
[06:09:06.740 I] Adding data directory D:\Games\OpenMWMods\graphics-overhaul\Interiors\NordicSolstheimSolstheimInteriorsOverhaul\00 Core
[06:09:06.741 I] Adding data directory D:\Games\OpenMWMods\graphics-overhaul\Interiors\NordicSolstheimSolstheimInteriorsOverhaul\01 Cliff Racer Restored
[06:09:06.741 I] Adding data directory D:\Games\OpenMWMods\graphics-overhaul\Landscape\TelvanniSeaBeacons
[06:09:06.742 I] Adding data directory D:\Games\OpenMWMods\graphics-overhaul\PatchesFixesandConsistency\OAABtoRRTelvanniConsistency
[06:09:06.744 I] Adding data directory D:\Games\OpenMWMods\graphics-overhaul\CitiesTowns\PlantersforAjira\Planters for Ajira
[06:09:06.744 I] Adding data directory D:\Games\OpenMWMods\graphics-overhaul\PatchesFixesandConsistency\PlantersforAjiraBeautifulCitiesofMorrowind\Planters for Ajira - BCoM
[06:09:06.745 I] Adding data directory D:\Games\OpenMWMods\graphics-overhaul\CitiesTowns\DagonFelLighthouse\00 Core
[06:09:06.745 I] Adding data directory D:\Games\OpenMWMods\graphics-overhaul\CitiesTowns\DagonFelLighthouse\02b Patch - Logs on Fire with Nordic interior Detailing
[06:09:06.745 I] Adding data directory D:\Games\OpenMWMods\graphics-overhaul\CitiesTowns\SadrithMoraBCOMPlusModule\06 OAAB Market
[06:09:06.746 I] Adding data directory D:\Games\OpenMWMods\graphics-overhaul\CitiesTowns\SadrithMoraBCOMPlusModule\08 Shipyards of Vvardenfell
[06:09:06.747 I] Adding data directory D:\Games\OpenMWMods\graphics-overhaul\PatchesFixesandConsistency\VIPVegettosImportantPatches\TheMagicRockofMaarGan\00 - Core
[06:09:06.749 I] Adding data directory D:\Games\OpenMWMods\graphics-overhaul\CitiesTowns\CalderaGovernorsManorRedone
[06:09:06.751 I] Adding data directory D:\Games\OpenMWMods\graphics-overhaul\CitiesTowns\BeautifulCitiesofMorrowind\Patches\67 Caldera Governor Manor
[06:09:06.751 I] Adding data directory D:\Games\OpenMWMods\graphics-overhaul\CitiesTowns\HangingGardensofSuran\00 Core
[06:09:06.752 I] Adding data directory D:\Games\OpenMWMods\graphics-overhaul\CitiesTowns\HangingGardensofSuran\02 Patch - BCOM (Full)
[06:09:06.752 I] Adding data directory D:\Games\OpenMWMods\graphics-overhaul\PatchesFixesandConsistency\ExpansionResourceConflicts
[06:09:06.753 I] Adding data directory D:\Games\OpenMWMods\graphics-overhaul\TexturePacks\SophiesSkoomaSweetshoppe\09 Expansions Resource Conflicts MET'D
[06:09:06.754 I] Adding data directory D:\Games\OpenMWMods\graphics-overhaul\CitiesTowns\BellTowersofVvardenfell
[06:09:06.755 I] Adding data directory D:\Games\OpenMWMods\graphics-overhaul\CitiesTowns\BellTowersofVvardenfellDirectionalSoundforOpenMW\Data Files
[06:09:06.755 I] Adding data directory D:\Games\OpenMWMods\graphics-overhaul\CitiesTowns\HumblePrayerHall\HumblePrayerHall
[06:09:06.756 I] Adding data directory D:\Games\OpenMWMods\graphics-overhaul\PatchesFixesandConsistency\PrayerWheelOpenMWNormalmapMeshFix\00 Core
[06:09:06.757 I] Adding data directory D:\Games\OpenMWMods\graphics-overhaul\PatchesFixesandConsistency\PrayerWheelOpenMWNormalmapMeshFix\01 Tyddys Vivec and Velothi Arkitektora V2
[06:09:06.757 I] Adding data directory D:\Games\OpenMWMods\graphics-overhaul\FurnitureandClutter\RZerosThrobbingMeataCorprusMeatReplacer\Data Files
[06:09:06.758 I] Adding data directory D:\Games\OpenMWMods\graphics-overhaul\TexturePacks\NormalMapsforEverything\R-Zero's Throbbing Meat Normal Mapped
[06:09:06.758 I] Adding data directory D:\Games\OpenMWMods\graphics-overhaul\PatchesFixesandConsistency\AlvazirsVariousPatches
[06:09:06.759 I] Adding data directory D:\Games\OpenMWMods\graphics-overhaul\Clothing\BetterClothesDefinitiveEdition\Better Clothes Definitive Edition
[06:09:06.761 I] Adding data directory D:\Games\OpenMWMods\graphics-overhaul\Clothing\BetterRobes\Data Files
[06:09:06.761 I] Adding data directory D:\Games\OpenMWMods\graphics-overhaul\PatchesFixesandConsistency\BetterRobesUpdatedTamrielRebuiltPatch\Better Robes Updated TR Patch
[06:09:06.763 I] Adding data directory D:\Games\OpenMWMods\graphics-overhaul\Clothing\VurtsBetterClothesRetexture\main
[06:09:06.764 I] Adding data directory D:\Games\OpenMWMods\graphics-overhaul\TexturePacks\NormalMapsforPremium\VurtsBetterClothesRetexturedNormalMapped
[06:09:06.765 I] Adding data directory D:\Games\OpenMWMods\graphics-overhaul\Clothing\NewGondolierHelmFixedforOpenMW\NewGondolierHelm
[06:09:06.766 I] Adding data directory D:\Games\OpenMWMods\graphics-overhaul\Clothing\CommonShoePack\Data Files
[06:09:06.766 I] Adding data directory D:\Games\OpenMWMods\graphics-overhaul\Clothing\DimsClothingGroundObjectReplacer\DIm's Clothing Ground Object Replacer
[06:09:06.767 I] Adding data directory D:\Games\OpenMWMods\graphics-overhaul\Armor\MageRobes\00 Core
[06:09:06.772 I] Adding data directory D:\Games\OpenMWMods\graphics-overhaul\Armor\MageRobes\03 Normal and Specular Maps for OpenMW
[06:09:06.773 I] Adding data directory D:\Games\OpenMWMods\graphics-overhaul\Armor\MageRobes\04 HD Textures
[06:09:06.773 I] Adding data directory D:\Games\OpenMWMods\graphics-overhaul\Armor\MageRobesforOpenMWLua
[06:09:06.774 I] Adding data directory D:\Games\OpenMWMods\graphics-overhaul\Armor\SMTelvanniCeremonialRobe\Telvanni_Robe\Data files
[06:09:06.775 I] Adding data directory D:\Games\OpenMWMods\graphics-overhaul\Armor\SMTelvanniCeremonialRobe\Telvanni_Robe\Icons HD 512 for OpenMW
[06:09:06.776 I] Adding data directory D:\Games\OpenMWMods\graphics-overhaul\PatchesFixesandConsistency\MOMWPatches\71 Molomo SM Ceremonial Robe Patch
[06:09:06.776 I] Adding data directory D:\Games\OpenMWMods\graphics-overhaul\Armor\TelvanniMagisterRobes\Telvanni Magister Robes-52278-1-25-1683240241\Telvanni Magister robes\Data Files
[06:09:06.777 I] Adding data directory D:\Games\OpenMWMods\graphics-overhaul\PatchesFixesandConsistency\MOMWPatches\52 Telvanni Magister Robes Anticheese
[06:09:06.778 I] Adding data directory D:\Games\OpenMWMods\graphics-overhaul\TexturePacks\NormalMapsforEverything\TelvanniMagisterRobes
[06:09:06.778 I] Adding data directory D:\Games\OpenMWMods\graphics-overhaul\Architecture\AesthesiaStrongholdtextures
[06:09:06.779 I] Adding data directory D:\Games\OpenMWMods\graphics-overhaul\Architecture\AesthesiaStrongholdNormalMaps\Aesthesia Strongholds Normal Maps
[06:09:06.779 I] Adding data directory D:\Games\OpenMWMods\graphics-overhaul\PatchesFixesandConsistency\Varioustweaksandfixes\BetterColovianFurHelms\00 Core
[06:09:06.780 I] Adding data directory D:\Games\OpenMWMods\graphics-overhaul\PatchesFixesandConsistency\Varioustweaksandfixes\BetterColovianFurHelms\01 TD Meshes
[06:09:06.781 I] Adding data directory D:\Games\OpenMWMods\graphics-overhaul\PatchesFixesandConsistency\Varioustweaksandfixes\BetterColovianFurHelms\02 TD HiRes Textures
[06:09:06.782 I] Adding data directory D:\Games\OpenMWMods\graphics-overhaul\Armor\DaedricLordArmorMorrowindEdition
[06:09:06.785 I] Adding data directory D:\Games\OpenMWMods\graphics-overhaul\Armor\NewFistsofRandagulf\Data files
[06:09:06.787 I] Adding data directory D:\Games\OpenMWMods\graphics-overhaul\Armor\TheForgottenShieldsArtifacts\TheForgottenShields-Artifacts1.3
[06:09:06.789 I] Adding data directory D:\Games\OpenMWMods\graphics-overhaul\PatchesFixesandConsistency\MOMWPatches\35 The Forgotten Shields - Artifacts Patched
[06:09:06.790 I] Adding data directory D:\Games\OpenMWMods\graphics-overhaul\TexturePacks\SophiesSkoomaSweetshoppe\14 Forgotten Shields Artifacts Upscaled Textures, Mesh fixes, and Normals
[06:09:06.791 I] Adding data directory D:\Games\OpenMWMods\graphics-overhaul\Armor\EbonyMailReplacer
[06:09:06.792 I] Adding data directory D:\Games\OpenMWMods\graphics-overhaul\Armor\SMMaskofDagothUr\sm_mask_eng
[06:09:06.794 I] Adding data directory D:\Games\OpenMWMods\graphics-overhaul\Armor\SMMaskofDagothUr\update_and_normal_map
[06:09:06.794 I] Adding data directory D:\Games\OpenMWMods\graphics-overhaul\Armor\GlassGlowset
[06:09:06.796 I] Adding data directory D:\Games\OpenMWMods\graphics-overhaul\Gameplay\GraphicHerbalismMWSEandOpenMWEdition\19 Glass Glowset ores
[06:09:06.798 I] Adding data directory D:\Games\OpenMWMods\graphics-overhaul\ModdingResources\OAABData\05 Glass Glowset Patch
[06:09:06.799 I] Adding data directory D:\Games\OpenMWMods\graphics-overhaul\Armor\MoreGlowingMods\GraspingFortuneArchitectureGlow
[06:09:06.801 I] Adding data directory D:\Games\OpenMWMods\graphics-overhaul\Armor\MoreGlowingMods\GraspingFortuneArmourGlow
[06:09:06.802 I] Adding data directory D:\Games\OpenMWMods\graphics-overhaul\Armor\MoreGlowingMods\GraspingFortuneClothGlow
[06:09:06.804 I] Adding data directory D:\Games\OpenMWMods\graphics-overhaul\Armor\MoreGlowingMods\OAABGlassGlow
[06:09:06.805 I] Adding data directory D:\Games\OpenMWMods\graphics-overhaul\Armor\MoreGlowingMods\SummersetGlassGlow
[06:09:06.806 I] Adding data directory D:\Games\OpenMWMods\graphics-overhaul\Armor\MoreGlowingMods\TamrielRebuiltGlassGlow
[06:09:06.808 I] Adding data directory D:\Games\OpenMWMods\graphics-overhaul\PatchesFixesandConsistency\SWJsminorcompabilitypatches\METGlassGlowset
[06:09:06.808 I] Adding data directory D:\Games\OpenMWMods\graphics-overhaul\Armor\BearArmorReplacer\BearArmorReplacer_en-44992-1-01
[06:09:06.809 I] Adding data directory D:\Games\OpenMWMods\graphics-overhaul\Armor\SMBoiledNetchLeatherArmorReplacer\SM_Boiled_Armor_Set_Vanila Style\Data Files
[06:09:06.811 I] Adding data directory D:\Games\OpenMWMods\graphics-overhaul\Armor\SMMasqueClavicusVileReplacer\sm_CV_mask\WithOut_Violet_Effect\Data files
[06:09:06.813 I] Adding data directory D:\Games\OpenMWMods\graphics-overhaul\Armor\SMHelmofOreynBearclawReplacerOverhaul\Helm_of_Oreyn Bearclaw\data files
[06:09:06.813 I] Adding data directory D:\Games\OpenMWMods\graphics-overhaul\Creatures\RemirosModGraveyard\IceBladeoftheMonarchReplacerOpenMW
[06:09:06.814 I] Adding data directory D:\Games\OpenMWMods\graphics-overhaul\Creatures\RemirosModGraveyard\MehrunesRazorReplacerOpenMW
[06:09:06.815 I] Adding data directory D:\Games\OpenMWMods\graphics-overhaul\Creatures\RemirosModGraveyard\ChrysamereRepalcer
[06:09:06.816 I] Adding data directory D:\Games\OpenMWMods\graphics-overhaul\Weapons\Swordandringofnerevar\Trueflame
[06:09:06.817 I] Adding data directory D:\Games\OpenMWMods\graphics-overhaul\Weapons\Swordandringofnerevar\Trueflame2K
[06:09:06.818 I] Adding data directory D:\Games\OpenMWMods\graphics-overhaul\Weapons\Swordandringofnerevar\MoonAndStar
[06:09:06.819 I] Adding data directory D:\Games\OpenMWMods\graphics-overhaul\Weapons\Swordandringofnerevar\MoonAndStar2K
[06:09:06.819 I] Adding data directory D:\Games\OpenMWMods\graphics-overhaul\Weapons\SMMaceofAevarStoneSingerReplacer\sm_aevar_mace\Data files
[06:09:06.821 I] Adding data directory D:\Games\OpenMWMods\graphics-overhaul\Weapons\SMTheToolsofKagrenac\sm_kagrenak_tools\Data files
[06:09:06.822 I] Adding data directory D:\Games\OpenMWMods\graphics-overhaul\Weapons\ImprovedWeaponMeshCompilation\00 Core
[06:09:06.824 I] Adding data directory D:\Games\OpenMWMods\graphics-overhaul\Weapons\ImprovedWeaponMeshCompilation\02 Hires textures
[06:09:06.824 I] Adding data directory D:\Games\OpenMWMods\graphics-overhaul\PatchesFixesandConsistency\SWJsminorcompabilitypatches\SmoothOrcishWeapons
[06:09:06.825 I] Adding data directory D:\Games\OpenMWMods\graphics-overhaul\Weapons\ImprovedWeaponMeshCompilation\07 Longsword-based Broadsword
[06:09:06.826 I] Adding data directory D:\Games\OpenMWMods\graphics-overhaul\Weapons\RealReflectiveWeaponsIron\00 Data Files
[06:09:06.827 I] Adding data directory D:\Games\OpenMWMods\graphics-overhaul\Weapons\RealReflectiveWeaponsIron\Bonus
[06:09:06.828 I] Adding data directory D:\Games\OpenMWMods\graphics-overhaul\Weapons\ImprovedShieldMeshes\00 Data Files
[06:09:06.829 I] Adding data directory D:\Games\OpenMWMods\graphics-overhaul\Weapons\ImprovedShieldMeshes\02 Patch for Glass Glowset
[06:09:06.830 I] Adding data directory D:\Games\OpenMWMods\graphics-overhaul\Weapons\OrientalMeshImprovements
[06:09:06.830 I] Adding data directory D:\Games\OpenMWMods\graphics-overhaul\Weapons\DallaraAdamantiumWeaponry\00 Core
[06:09:06.831 I] Adding data directory D:\Games\OpenMWMods\graphics-overhaul\Weapons\DallaraAdamantiumWeaponry\01 Tamriel Data patch
[06:09:06.833 I] Adding data directory D:\Games\OpenMWMods\graphics-overhaul\Weapons\DallaraAdamantiumWeaponry\05 HD 2k textures
[06:09:06.834 I] Adding data directory D:\Games\OpenMWMods\graphics-overhaul\Weapons\DallaraAdamantiumWeaponry\07 2k Normals and Speculars maps OpenMW
[06:09:06.835 I] Adding data directory D:\Games\OpenMWMods\graphics-overhaul\Weapons\DallaraAdamantiumWeaponry\08 High resolution icons OpenMW
[06:09:06.836 I] Adding data directory D:\Games\OpenMWMods\graphics-overhaul\Weapons\WeaponSheathing\Data Files
[06:09:06.838 I] Adding data directory D:\Games\OpenMWMods\graphics-overhaul\Weapons\WeaponSheathingAdditions
[06:09:06.838 I] Adding data directory D:\Games\OpenMWMods\graphics-overhaul\Performance\MorrowindOptimizationPatch\02 Weapon Sheathing Patch
[06:09:06.839 I] Adding data directory D:\Games\OpenMWMods\graphics-overhaul\Weapons\ImprovedWeaponMeshCompilation\01 Weapon Sheathing Patch
[06:09:06.840 I] Adding data directory D:\Games\OpenMWMods\graphics-overhaul\Weapons\RealReflectiveWeaponsIron\Weapon Sheathing (OpenMW)
[06:09:06.841 I] Adding data directory D:\Games\OpenMWMods\graphics-overhaul\Weapons\SMTheToolsofKagrenac\update_kg_tools\sheath and glow\Data files
[06:09:06.842 I] Adding data directory D:\Games\OpenMWMods\graphics-overhaul\Weapons\SWJsWeaponSheathingPatches\Oriental Mesh Improvements
[06:09:06.842 I] Adding data directory D:\Games\OpenMWMods\graphics-overhaul\Weapons\DallaraAdamantiumWeaponry\02 Weapon Sheating patch
[06:09:06.843 I] Adding data directory D:\Games\OpenMWMods\graphics-overhaul\PatchesFixesandConsistency\GlassGlowsetandWeaponSheathingPatch\Data Files
[06:09:06.844 I] Adding data directory D:\Games\OpenMWMods\graphics-overhaul\Weapons\ImprovedWeaponMeshCompilation\03 Glass Glowset Patch
[06:09:06.845 I] Adding data directory D:\Games\OpenMWMods\graphics-overhaul\Weapons\ImprovedWeaponMeshCompilation\04 Correct Iron Warhammer
[06:09:06.846 I] Adding data directory D:\Games\OpenMWMods\graphics-overhaul\Weapons\RemirosUniques
[06:09:06.847 I] Adding data directory D:\Games\OpenMWMods\graphics-overhaul\Weapons\SWJsWeaponSheathingPatches\Remiros Uniques
[06:09:06.847 I] Adding data directory D:\Games\OpenMWMods\graphics-overhaul\Weapons\RubbersWeaponsPack\Data Files
[06:09:06.849 I] Adding data directory D:\Games\OpenMWMods\graphics-overhaul\Weapons\EltonbrandReplacer
[06:09:06.850 I] Adding data directory D:\Games\OpenMWMods\graphics-overhaul\Weapons\SWJsWeaponSheathingPatches\Eltonbrand Replacer
[06:09:06.851 I] Adding data directory D:\Games\OpenMWMods\graphics-overhaul\Weapons\NewWidowmaker\Data Files
[06:09:06.852 I] Adding data directory D:\Games\OpenMWMods\graphics-overhaul\Weapons\NewBowofShadows\Data files
[06:09:06.853 I] Adding data directory D:\Games\OpenMWMods\graphics-overhaul\Weapons\PikachunoTMsArtifactMeshImprovements\01 Animated Staff of Magnus
[06:09:06.854 I] Adding data directory D:\Games\OpenMWMods\graphics-overhaul\Weapons\GlowingHasedokiStaff
[06:09:06.855 I] Adding data directory D:\Games\OpenMWMods\graphics-overhaul\Creatures\RemirosModGraveyard\VolendrungHD
[06:09:06.856 I] Adding data directory D:\Games\OpenMWMods\graphics-overhaul\TexturePacks\NormalMapsforEverything\RemirosVolendrungHD
[06:09:06.857 I] Adding data directory D:\Games\OpenMWMods\graphics-overhaul\Weapons\SkullcrusherRedone\modern
[06:09:06.858 I] Adding data directory D:\Games\OpenMWMods\graphics-overhaul\Weapons\SkullcrusherRedone\diff-spec-normal
[06:09:06.858 I] Adding data directory D:\Games\OpenMWMods\graphics-overhaul\Weapons\DaedricCrescentReplacer\Data Files
[06:09:06.859 I] Adding data directory D:\Games\OpenMWMods\graphics-overhaul\PatchesFixesandConsistency\SameLowPriceFix
[06:09:06.860 I] Adding data directory D:\Games\OpenMWMods\graphics-overhaul\Audio\MAOSpellSounds
[06:09:06.861 I] Adding data directory D:\Games\OpenMWMods\graphics-overhaul\VFX\OpenMWImpactEffects
[06:09:06.873 I] Adding data directory D:\Games\OpenMWMods\graphics-overhaul\PatchesFixesandConsistency\VariousModsandPatches\openmwimpacteffectspatch
[06:09:06.874 I] Adding data directory D:\Games\OpenMWMods\graphics-overhaul\Audio\CharacterSoundOverhaul
[06:09:06.953 I] Adding data directory D:\Games\OpenMWMods\graphics-overhaul\Audio\CharacterSoundOverhaul\Higher Bitrate Sounds
[06:09:06.993 I] Adding data directory D:\Games\OpenMWMods\graphics-overhaul\Audio\openmwfootsteps
[06:09:06.994 I] Adding data directory D:\Games\OpenMWMods\graphics-overhaul\Animation\openmwanimatedlevitation
[06:09:06.996 I] Adding data directory D:\Games\OpenMWMods\graphics-overhaul\Music\S3maphoreOpenMWMusicManagementfromtheFuture\00 Core
[06:09:06.998 I] Adding data directory D:\Games\OpenMWMods\graphics-overhaul\Music\S3maphoreOpenMWMusicManagementfromtheFuture\01 Tamriel Rebuilt Playlists
[06:09:07.002 I] Adding data directory D:\Games\OpenMWMods\graphics-overhaul\Music\S3maphoreOpenMWMusicManagementfromtheFuture\03 Muse Expansion Playlists
[06:09:07.015 I] Adding data directory D:\Games\OpenMWMods\graphics-overhaul\Music\S3maphoreOpenMWMusicManagementfromtheFuture\04 Vindsvept Solstheim
[06:09:07.016 I] Adding data directory D:\Games\OpenMWMods\graphics-overhaul\Music\S3maphoreOpenMWMusicManagementfromtheFuture\06 Songbook of the North
[06:09:07.019 I] Adding data directory D:\Games\OpenMWMods\graphics-overhaul\Music\MUSEMusicExpansionHlaalu\MUSE Expansion - Hlaalu
[06:09:07.021 I] Adding data directory D:\Games\OpenMWMods\graphics-overhaul\Music\MUSEMusicExpansionAshlander\MUSE Expansion - Ashlander
[06:09:07.023 I] Adding data directory D:\Games\OpenMWMods\graphics-overhaul\Music\MUSEMusicExpansionRedoran\MUSE Expansion - Redoran
[06:09:07.025 I] Adding data directory D:\Games\OpenMWMods\graphics-overhaul\Music\TamrielRebuiltOriginalSoundtrack\00 core
[06:09:07.031 I] Adding data directory D:\Games\OpenMWMods\graphics-overhaul\Music\MUSEMusicExpansionSixthHouse\MUSEEXPANSIONsixthhouse
[06:09:07.032 I] Adding data directory D:\Games\OpenMWMods\graphics-overhaul\Music\MUSEMusicExpansionDaedric\MUSE Expansion - Daedric
[06:09:07.034 I] Adding data directory D:\Games\OpenMWMods\graphics-overhaul\Music\MUSEMusicExpansionDwemer\MUSE Expansion - Dwemer (Vanilla - Tribunal)
[06:09:07.036 I] Adding data directory D:\Games\OpenMWMods\graphics-overhaul\Music\MUSEMusicExpansionTomb\MUSE Expansion - Tomb (GOTY)
[06:09:07.038 I] Adding data directory D:\Games\OpenMWMods\graphics-overhaul\Music\VindsveptSolstheimforDynamicMusicOpenMW\Vindsvept Solstheim for Dynamic Music (OpenMW)
[06:09:07.039 I] Adding data directory D:\Games\OpenMWMods\graphics-overhaul\CavesandDungeons\CrownofUrshilaku
[06:09:07.040 I] Adding data directory D:\Games\OpenMWMods\graphics-overhaul\Landscape\ARiverofFire
[06:09:07.040 I] Adding data directory D:\Games\OpenMWMods\graphics-overhaul\Landscape\SuranAshlandsBarrier
[06:09:07.041 I] Adding data directory D:\Games\OpenMWMods\graphics-overhaul\TexturePacks\SophiesSkoomaSweetshoppe\26 Missing Mackom Files from history
[06:09:07.044 I] Adding data directory D:\Games\OpenMWMods\graphics-overhaul\Architecture\WhiteSuran2MDEdition\00 Core
[06:09:07.046 I] Adding data directory D:\Games\OpenMWMods\graphics-overhaul\Architecture\WhiteSuran2MDEdition\02 Glow in the Dahrk
[06:09:07.047 I] Adding data directory D:\Games\OpenMWMods\graphics-overhaul\Architecture\WhiteSuran2MDEdition\03 HD Textures
[06:09:07.048 I] Adding data directory D:\Games\OpenMWMods\graphics-overhaul\TexturePacks\SophiesSkoomaSweetshoppe\19 White Suran Normal and Specular Mapped
[06:09:07.049 I] Adding data directory D:\Games\OpenMWMods\graphics-overhaul\PlayerHomes\RatherNiceFactorsEstate\00 Core
[06:09:07.049 I] Adding data directory D:\Games\OpenMWMods\graphics-overhaul\PlayerHomes\RatherNiceFactorsEstate\01 Core - Glow in the Dahrk
[06:09:07.050 I] Adding data directory D:\Games\OpenMWMods\graphics-overhaul\PlayerHomes\RatherNiceFactorsEstate\02 Patch - Patch for Purists 4.0.X
[06:09:07.050 I] Adding data directory D:\Games\OpenMWMods\graphics-overhaul\Landscape\Mistify\00 Core
[06:09:07.050 I] Adding data directory D:\Games\OpenMWMods\graphics-overhaul\Environment\RemirosMinorRetexturesMistRetexture
[06:09:07.051 I] Adding data directory D:\Games\OpenMWMods\graphics-overhaul\Gameplay\TheDreamistheDoor
[06:09:07.052 I] Adding data directory D:\Games\OpenMWMods\graphics-overhaul\Flora\ParasolParticles\01 OAAB_Data Patch
[06:09:07.052 I] Adding data directory D:\Games\OpenMWMods\graphics-overhaul\PatchesFixesandConsistency\MOMWPatches\15 Perfectly Proficient Parasol Particles Performance Patch\00 Project Atlas
[06:09:07.053 I] Adding data directory D:\Games\OpenMWMods\graphics-overhaul\VFX\SpellsReforged\SR_1
[06:09:07.059 I] Adding data directory D:\Games\OpenMWMods\graphics-overhaul\VFX\SpellsReforged\SR_3
[06:09:07.068 I] Adding data directory D:\Games\OpenMWMods\graphics-overhaul\VFX\NoShieldSparkle
[06:09:07.069 I] Adding data directory D:\Games\OpenMWMods\graphics-overhaul\PatchesFixesandConsistency\PluginlessNoGlow
[06:09:07.070 I] Adding data directory D:\Games\OpenMWMods\graphics-overhaul\VFX\DiverseBloodOpenMWLua
[06:09:07.072 I] Adding data directory D:\Games\OpenMWMods\graphics-overhaul\VFX\ImprovedPropylonParticles
[06:09:07.073 I] Adding data directory D:\Games\OpenMWMods\graphics-overhaul\PatchesFixesandConsistency\DistantFixesLuaEdition
[06:09:07.074 I] Adding data directory D:\Games\OpenMWMods\graphics-overhaul\Groundcover\LushSynthesis
[06:09:07.078 I] Adding data directory D:\Games\OpenMWMods\graphics-overhaul\Groundcover\LushSynthesis\LUSH_TR\MERGED
[06:09:07.078 I] Adding data directory D:\Games\OpenMWMods\graphics-overhaul\Groundcover\LushSynthesis\LUSH_UNDERWATER
[06:09:07.078 I] Adding data directory D:\Games\OpenMWMods\graphics-overhaul\Groundcover\RemirosGroundcover\00 Core OpenMW
[06:09:07.079 I] Adding data directory D:\Games\OpenMWMods\graphics-overhaul\Groundcover\RemirosGroundcover\01b Thicker Grass OpenMW
[06:09:07.080 I] Adding data directory D:\Games\OpenMWMods\graphics-overhaul\Groundcover\RemirosGroundcoverTexturesImprovement
[06:09:07.080 I] Adding data directory D:\Games\OpenMWMods\graphics-overhaul\Landmasses\SolstheimTomboftheSnowPrince\012 Remiros' Groundcover for TOTSP
[06:09:07.081 I] Adding data directory D:\Games\OpenMWMods\graphics-overhaul\CitiesTowns\BeautifulCitiesofMorrowind\05 Grass Patches\01 Remiros Groundcover
[06:09:07.081 I] Adding data directory D:\Games\OpenMWMods\graphics-overhaul\PatchesFixesandConsistency\MOMWPatches\24 BCOM+Dagon Fel Lighthouse+Remiros' Groundcover Patch
[06:09:07.081 I] Adding data directory D:\Games\OpenMWMods\graphics-overhaul\PatchesFixesandConsistency\MOMWPatches\51 Remiros AI MOMW Patch
[06:09:07.081 I] Adding data directory D:\Games\OpenMWMods\graphics-overhaul\PatchesFixesandConsistency\MOMWPatches\61 Remiros BC MOMW Patch
[06:09:07.081 I] Adding data directory D:\Games\OpenMWMods\graphics-overhaul\CitiesTowns\OAABGrazelands\01 Remiros Groundcover GL Patch for Trackless Grazelands
[06:09:07.082 I] Adding data directory D:\Games\OpenMWMods\graphics-overhaul\Water\DistantSeafloorforOpenMW\00 Core
[06:09:07.082 I] Adding data directory D:\Games\OpenMWMods\graphics-overhaul\Water\DistantSeafloorforOpenMW\01 Patch for TOTSP 2.3.0 Solstheim location
[06:09:07.082 I] Adding data directory D:\Games\OpenMWMods\graphics-overhaul\SkiesandWeather\SkiesIV\Skies - .IV
[06:09:07.083 I] Adding data directory D:\Games\OpenMWMods\graphics-overhaul\SkiesandWeather\SkiesIV\Particles
[06:09:07.083 I] Adding data directory D:\Games\OpenMWMods\graphics-overhaul\PatchesFixesandConsistency\OhGodSnowforSkiesivandOpenMW\Data
[06:09:07.084 I] Adding data directory D:\Games\OpenMWMods\graphics-overhaul\TexturePacks\SophiesSkoomaSweetshoppe\11 SophiasClearBlueSkies
[06:09:07.084 I] Adding data directory D:\Games\OpenMWMods\graphics-overhaul\SkiesandWeather\NewStarfields\00 Core
[06:09:07.085 I] Adding data directory D:\Games\OpenMWMods\graphics-overhaul\TexturePacks\SophiesSkoomaSweetshoppe\15 Dying Moons New Starfields Upscaled
[06:09:07.085 I] Adding data directory D:\Games\OpenMWMods\graphics-overhaul\SkiesandWeather\Meteors
[06:09:07.086 I] Adding data directory D:\Games\OpenMWMods\graphics-overhaul\Architecture\GlowintheDahrk\00 Core
[06:09:07.090 I] Adding data directory D:\Games\OpenMWMods\graphics-overhaul\Architecture\GlowintheDahrk\01 Hi Res Window Texture Replacer
[06:09:07.090 I] Adding data directory D:\Games\OpenMWMods\graphics-overhaul\Architecture\GlowintheDahrk\04 Raven Rock Glass Windows
[06:09:07.091 I] Adding data directory D:\Games\OpenMWMods\graphics-overhaul\Architecture\GlowintheDahrk\07 Telvanni Tower Interior Glow OpenMW
[06:09:07.092 I] Adding data directory D:\Games\OpenMWMods\graphics-overhaul\TexturePacks\GlowintheDahrkNormalSpecularPBRMaps
[06:09:07.092 I] Adding data directory D:\Games\OpenMWMods\graphics-overhaul\CitiesTowns\BeautifulCitiesofMorrowind\Patches\17 GITD Telvanni Dormers
[06:09:07.093 I] Adding data directory D:\Games\OpenMWMods\graphics-overhaul\Performance\ProjectAtlas\06 Glow in the Dahrk Patch
[06:09:07.093 I] Adding data directory D:\Games\OpenMWMods\graphics-overhaul\CitiesTowns\BeautifulCitiesofMorrowind\04 Project Atlas and GiTD Patches\02 GITD + Atlas
[06:09:07.095 I] Adding data directory D:\Games\OpenMWMods\graphics-overhaul\ModdingResources\OAABData\08 GitD Shacks Patch
[06:09:07.096 I] Adding data directory D:\Games\OpenMWMods\graphics-overhaul\PatchesFixesandConsistency\MonosMinorModdities\TomboftheSnowPrincePAandGitDPatch\00 Core
[06:09:07.097 I] Adding data directory D:\Games\OpenMWMods\graphics-overhaul\PatchesFixesandConsistency\MonosMinorModdities\TomboftheSnowPrincePAandGitDPatch\01 Normal Maps for OpenMW
[06:09:07.097 I] Adding data directory D:\Games\OpenMWMods\graphics-overhaul\Landmasses\SolstheimTomboftheSnowPrince\001 Core - Interiors With Glow in the Dahrk
[06:09:07.097 I] Adding data directory D:\Games\OpenMWMods\graphics-overhaul\Architecture\Nordsshutyourwindows\00 Core
[06:09:07.098 I] Adding data directory D:\Games\OpenMWMods\graphics-overhaul\Architecture\Nordsshutyourwindows\01 Interior sunrays
[06:09:07.099 I] Adding data directory D:\Games\OpenMWMods\graphics-overhaul\PatchesFixesandConsistency\VariousModsandPatches\nordsshutyourwindowspatch
[06:09:07.100 I] Adding data directory D:\Games\OpenMWMods\graphics-overhaul\Architecture\MagicallightsforTelvanni\OAAB - Magical Lights\00 Core
[06:09:07.102 I] Adding data directory D:\Games\OpenMWMods\graphics-overhaul\Architecture\MagicallightsforTelvanni\OAAB - Magical Lights\01 BCoM Version
[06:09:07.102 I] Adding data directory D:\Games\OpenMWMods\graphics-overhaul\Architecture\MagicallightsforTelvanni\OAAB - Magical Lights\02 Telvanni Council House Pathway
[06:09:07.102 I] Adding data directory D:\Games\OpenMWMods\graphics-overhaul\CavesandDungeons\DarknutsLightedDwemerTowers\Data Files
[06:09:07.104 I] Adding data directory D:\Games\OpenMWMods\graphics-overhaul\Lighting\ImprovedLightsforAllShaders\00 Core
[06:09:07.105 I] Adding data directory D:\Games\OpenMWMods\graphics-overhaul\Lighting\ImprovedLightsforAllShaders\01 Smoke and Steam Emitters
[06:09:07.107 I] Adding data directory D:\Games\OpenMWMods\graphics-overhaul\Performance\ProjectAtlas\08 ILFAS Patch
[06:09:07.108 I] Adding data directory D:\Games\OpenMWMods\graphics-overhaul\FurnitureandClutter\OpenMWvanillacandlespatchedwithEnlightenedFlamesandILFAS
[06:09:07.110 I] Adding data directory D:\Games\OpenMWMods\graphics-overhaul\FurnitureandClutter\LogsonFire\00 Core
[06:09:07.112 I] Adding data directory D:\Games\OpenMWMods\graphics-overhaul\FurnitureandClutter\LogsonFireTamrielRebuilt\00 Core
[06:09:07.114 I] Adding data directory D:\Games\OpenMWMods\graphics-overhaul\FurnitureandClutter\LogsonFire\01 HD Textures
[06:09:07.115 I] Adding data directory D:\Games\OpenMWMods\graphics-overhaul\FurnitureandClutter\LogsonFire\02 Apel's Fire Retexture Patch
[06:09:07.115 I] Adding data directory D:\Games\OpenMWMods\graphics-overhaul\VFX\OpenMWDynamicAmbientVisualEffects
[06:09:07.119 I] Adding data directory D:\Games\OpenMWMods\graphics-overhaul\PatchesFixesandConsistency\VariousModsandPatches\DynamicAmbientVisualEffectsMagicalLightsPatch
[06:09:07.120 I] Adding data directory D:\Games\OpenMWMods\graphics-overhaul\PatchesFixesandConsistency\MOMWPatches\34 MOMW Logs On Fire Patch
[06:09:07.121 I] Adding data directory D:\Games\OpenMWMods\graphics-overhaul\CitiesTowns\BeautifulCitiesofMorrowind\Patches\85 Logs on fire
[06:09:07.121 I] Adding data directory D:\Games\OpenMWMods\graphics-overhaul\FurnitureandClutter\DunmerLanternsReplacer\01 Glow Effect
[06:09:07.122 I] Adding data directory D:\Games\OpenMWMods\graphics-overhaul\FurnitureandClutter\DunmerLanternsReplacer\04 Tamriel_Data Patch - Glow Effect
[06:09:07.123 I] Adding data directory D:\Games\OpenMWMods\graphics-overhaul\FurnitureandClutter\DunmerLanternsReplacer\05 OAAB_Data Patch - Glow Effect
[06:09:07.124 I] Adding data directory D:\Games\OpenMWMods\graphics-overhaul\TexturePacks\NormalMapsforEverything\DunmerLanternsReplacer
[06:09:07.124 I] Adding data directory D:\Games\OpenMWMods\graphics-overhaul\FurnitureandClutter\AshlanderLanternsRetextureAestetikaofVvardenfell\HQ
[06:09:07.125 I] Adding data directory D:\Games\OpenMWMods\graphics-overhaul\FurnitureandClutter\AshlanderLanternsRetextureAestetikaofVvardenfell\OMW Normal
[06:09:07.125 I] Adding data directory D:\Games\OpenMWMods\graphics-overhaul\FurnitureandClutter\AshlanderBugsCarapacesRetextureAestetikaofVvardenfell\HQ
[06:09:07.125 I] Adding data directory D:\Games\OpenMWMods\graphics-overhaul\FurnitureandClutter\SilverwareRepolished\00 Data Files
[06:09:07.126 I] Adding data directory D:\Games\OpenMWMods\graphics-overhaul\FurnitureandClutter\SilverwareRepolished\2k Atlas Texture (Bigjpg+MET)
[06:09:07.127 I] Adding data directory D:\Games\OpenMWMods\graphics-overhaul\FurnitureandClutter\SilverwareRepolished\OpenMW Compatible Normal Map (2k)
[06:09:07.127 I] Adding data directory D:\Games\OpenMWMods\graphics-overhaul\FurnitureandClutter\SilverwareRepolished\Separate Silverware Textures Replacer (Bigjpg+MET)
[06:09:07.127 I] Adding data directory D:\Games\OpenMWMods\graphics-overhaul\FurnitureandClutter\SilverwareRepolished\Wax Textures 4x Vanilla (Bigjpg)
[06:09:07.128 I] Adding data directory D:\Games\OpenMWMods\graphics-overhaul\FurnitureandClutter\SilverwareRepolished\OpenMW vanilla candles patched-Compatibility Patch
[06:09:07.128 I] Adding data directory D:\Games\OpenMWMods\graphics-overhaul\PatchesFixesandConsistency\AnimatedMorrowindandWeaponSheathingpatchforOpenMW
[06:09:07.130 I] Adding data directory D:\Games\OpenMWMods\graphics-overhaul\FurnitureandClutter\ArukinnsBetterBooksandScrolls
[06:09:07.130 I] Adding data directory D:\Games\OpenMWMods\graphics-overhaul\FurnitureandClutter\BookJacketsCompleteCollectionHD\book-jackets\00 Core
[06:09:07.133 I] Adding data directory D:\Games\OpenMWMods\graphics-overhaul\FurnitureandClutter\MelchiorsMagnificentManuscripts\00 Core
[06:09:07.134 I] Adding data directory D:\Games\OpenMWMods\graphics-overhaul\FurnitureandClutter\MelchiorsMagnificentManuscripts\01 Book Jackets Patch
[06:09:07.135 I] Adding data directory D:\Games\OpenMWMods\graphics-overhaul\PatchesFixesandConsistency\VariousModsandPatches\OAABBookJackets
[06:09:07.135 I] Adding data directory D:\Games\OpenMWMods\graphics-overhaul\Gameplay\MOMWGameplay\00 Core
[06:09:07.136 I] Adding data directory D:\Games\OpenMWMods\graphics-overhaul\Gameplay\MOMWGameplay\01 Total Overhaul
[06:09:07.137 I] Adding data directory D:\Games\OpenMWMods\graphics-overhaul\Gameplay\FriendlyAutosave
[06:09:07.138 I] Adding data directory D:\Games\OpenMWMods\graphics-overhaul\PostProcessingShaders\MOMWPostProcessingPack\00 RecommendedConfig
[06:09:07.138 I] Adding data directory D:\Games\OpenMWMods\graphics-overhaul\PostProcessingShaders\MOMWPostProcessingPack\01 XE-Shaders
[06:09:07.139 I] Adding data directory D:\Games\OpenMWMods\graphics-overhaul\PostProcessingShaders\MOMWPostProcessingPack\02 OMWFX-Shaders
[06:09:07.140 I] Adding data directory D:\Games\OpenMWMods\graphics-overhaul\PostProcessingShaders\MOMWPostProcessingPack\03 ZesterersVolumetricClouds
[06:09:07.140 I] Adding data directory D:\Games\OpenMWMods\graphics-overhaul\PostProcessingShaders\MOMWPostProcessingPack\04 WareyaOpenMWShaders
[06:09:07.141 I] Adding data directory D:\Games\OpenMWMods\graphics-overhaul\UserInterface\InterfaceReimaginedforOpenMW
[06:09:07.142 I] Adding data directory D:\Games\OpenMWMods\graphics-overhaul\PatchesFixesandConsistency\MOMWPatches\50 Skip Intro Videos Fixed
[06:09:07.142 I] Adding data directory D:\Games\OpenMWMods\graphics-overhaul\UserInterface\SMEUsefulWidgetsActorInfoHealthBarHitChance\SMEUsefulWidgetsActorInfoHealthBarHitChanceEdited
[06:09:07.143 I] Adding data directory D:\Games\OpenMWMods\graphics-overhaul\UserInterface\Enchantingiconsasyouwish\Ice\Data Files
[06:09:07.143 I] Adding data directory D:\Games\OpenMWMods\graphics-overhaul\UserInterface\SmallSkyrimCrosshairOpenMWcompatible
[06:09:07.144 I] Adding data directory D:\Games\OpenMWMods\graphics-overhaul\Environment\HarvestLights
[06:09:07.145 I] Adding data directory D:\Games\OpenMWMods\graphics-overhaul\UserInterface\SimpleHUDforOpenMWwithcompassorminimap\version 03 - immersive skyrim
[06:09:07.146 I] Adding data directory D:\Games\OpenMWMods\graphics-overhaul\PatchesFixesandConsistency\MOMWPatches\39 Simple HUD+SME Patch
[06:09:07.146 I] Adding data directory D:\Games\OpenMWMods\graphics-overhaul\UserInterface\VanillaStyleHDIconsforAttributesandSkills
[06:09:07.147 I] Adding data directory D:\Games\OpenMWMods\graphics-overhaul\UserInterface\GonzosSplashScreens\00 Core
[06:09:07.147 I] Adding data directory D:\Games\OpenMWMods\graphics-overhaul\UserInterface\GonzosSplashScreens\01 Monopteryx Creature Art
[06:09:07.147 I] Adding data directory D:\Games\OpenMWMods\graphics-overhaul\UserInterface\GonzosSplashScreens\02 Wagner Vvardenfell Maps
[06:09:07.148 I] Adding data directory D:\Games\OpenMWMods\graphics-overhaul\UserInterface\GonzosSplashScreens\03 Wagner Bloodmoon Maps
[06:09:07.148 I] Adding data directory D:\Games\OpenMWMods\graphics-overhaul\UserInterface\GonzosSplashScreens\04 Wagner Tribunal Map
[06:09:07.149 I] Adding data directory D:\Games\OpenMWMods\graphics-overhaul\UserInterface\GonzosSplashScreens\05 Tamriel Rebuilt Maps
[06:09:07.149 I] Adding data directory D:\Games\OpenMWMods\graphics-overhaul\UserInterface\GonzosSplashScreens\06 Myrcenart Addon
[06:09:07.149 I] Adding data directory D:\Games\OpenMWMods\graphics-overhaul\PatchesFixesandConsistency\MonosMinorModdities\UpscaledJournalandBookmarkBGReplacement\01 2x Resolution Textures
[06:09:07.150 I] Adding data directory D:\Games\OpenMWMods\graphics-overhaul\Fonts\AlternativeTrueTypeFonts
[06:09:07.150 I] Adding data directory D:\Games\OpenMWMods\graphics-overhaul\UserInterface\BigIcons\07 8X Textured
[06:09:07.151 I] Adding data directory D:\Games\OpenMWMods\graphics-overhaul\UserInterface\VvardenfellAnimatedMainMenu\00 Animated Main Menu
[06:09:07.152 I] Adding data directory D:\Games\OpenMWMods\graphics-overhaul\UserInterface\HDIntroCinematicEnglish
[06:09:07.152 I] Adding data directory D:\Games\OpenMWMods\graphics-overhaul\Tools\MOMWToolsPack
[06:09:07.156 I] Adding data directory D:\Games\OpenMWMods\graphics-overhaul\TexturePacks\SophiesSkoomaSweetshoppe\30 Temporary Fixes
[06:09:07.156 I] Adding data directory D:/Games/OpenMW_Manual_Mods/Expansion Delay-47588-1-3-1612481103
[06:09:07.156 I] Adding data directory D:/Games/OpenMW_Manual_Mods/Graphic Herbalism MWSE - OpenMW-46599-1-04-1558643353/01 Optional - Smoothed Meshes
[06:09:07.158 I] Adding data directory D:/Games/OpenMW_Manual_Mods/Interior Update-47543-1-1-1-1601926570/00 - OG with fixes
[06:09:07.158 I] Adding data directory D:/Games/OpenMW_Manual_Mods/LCV-54662-03-13-1715729510
[06:09:07.159 I] Adding data directory D:/Games/OpenMW_Manual_Mods/MORRA BUF - English-International fonts-42934-0-1-0
[06:09:07.159 I] Adding data directory D:/Games/OpenMW_Manual_Mods/Morrowind Crafting-47392-2-1-2-1605328252
[06:09:07.162 I] Adding data directory D:/Games/OpenMW_Manual_Mods/openmw-third-person-alt-attacks
[06:09:07.164 I] Adding data directory D:/Games/OpenMW_Manual_Mods/openmw-third-person-alt-attacks-master
[06:09:07.167 I] Adding data directory D:/Games/OpenMW_Manual_Mods/Purist Friendly Magicka Regen-45636-1-2
[06:09:07.167 I] Adding data directory D:/Games/OpenMW_Manual_Mods/Purist Friendly Magicka Regen-45636-1-2/Data Files
[06:09:07.167 I] Adding data directory D:/Games/OpenMW_Manual_Mods/ReAnimation v2 Rogue - OpenMW-52596-2-7-1771797842
[06:09:07.169 I] Adding data directory D:/Games/OpenMW_Manual_Mods/Big Icons - OpenMW-49662-1-1-3-1622906127/07 8X Textured
[06:09:07.171 I] Adding data directory D:/Games/OpenMW_Manual_Mods/True Strike - Skill Scaling Combat
[06:09:07.172 I] Adding data directory D:/Games/OpenMW_Manual_Mods/Voices Of Vvardenfell - Voices/00 Core
[06:09:13.516 I] Adding data directory D:/Games/OpenMW_Manual_Mods/Voices Of Vvardenfell - Voices/11 FurbyZone's Skyrim Neloth
[06:09:13.519 I] Adding data directory D:/Games/OpenMW_Manual_Mods/Voices Of Vvardenfell - Voices/12 FurbyZone's Almalexia
[06:09:13.548 I] Adding data directory D:/Games/OpenMW_Manual_Mods/Voices Of Vvardenfell - Scripts/00 OpenMW
[06:09:13.550 I] Adding data directory D:/Games/OpenMW_Manual_Mods/Voices Of Vvardenfell - Voices/01 Patch for Purists
[06:09:13.699 I] Adding data directory D:/Work/Morrowind reborn/mod
[06:09:13.701 I] Adding data directory D:/Work/Morrowind reborn/tools/build
[06:09:13.750 I] Adding data directory D:/Work/Morrowind reborn/tools/build/vfx-momw
[06:09:13.751 I] Adding data directory D:/Work/Morrowind reborn/tools/build/armour-momw
[06:09:13.853 I] Preferred locales: gmst en
[06:09:13.855 I] Initializing LuaUtil::LuaState without profiler
[06:09:13.856 I] Lua version: Lua 5.1.4 (LuaJIT 2.1.1767980792)
[06:09:13.857 I] Loading keybindings file: D:\Backups\OneDrive\All\Documents\My Games\OpenMW\play\input_v3.xml
[06:09:13.860 I] Loading TrueType font file fonts/pelagiad.omwfont
[06:09:13.905 I] Loading TrueType font file fonts/omwayembedt.omwfont
[06:09:13.909 I] Loading TrueType font file fonts/dejavulgcsansmono.omwfont
[06:09:14.503 I] Detected game controller: Controller (XUSB Gamepad)
[06:09:14.514 I] Initializing OpenAL...
[06:09:14.541 I] Opened "OpenAL Soft on Speakers (High Definition Audio Device)"
[06:09:14.542 I]   ALC Version: 1.1
[06:09:14.542 I]   ALC Extensions: ALC_ENUMERATE_ALL_EXT ALC_ENUMERATION_EXT ALC_EXT_CAPTURE ALC_EXT_debug ALC_EXT_DEDICATED ALC_EXT_direct_context ALC_EXT_disconnect ALC_EXT_EFX ALC_EXT_thread_local_context ALC_SOFT_device_clock ALC_SOFT_HRTF ALC_SOFT_loopback ALC_SOFT_loopback_bformat ALC_SOFT_output_limiter ALC_SOFT_output_mode ALC_SOFT_pause_device ALC_SOFT_reopen_device ALC_SOFT_system_events
[06:09:14.615 I]   Vendor: OpenAL Community
[06:09:14.615 I]   Renderer: OpenAL Soft
[06:09:14.615 I]   Version: 1.1 ALSOFT 
[06:09:14.615 I]   Extensions: EAX EAX2.0 EAX3.0 EAX4.0 EAX5.0 EAX-RAM AL_EXT_ALAW AL_EXT_BFORMAT AL_EXT_debug AL_EXT_direct_context AL_EXT_DOUBLE AL_EXT_EXPONENT_DISTANCE AL_EXT_FLOAT32 AL_EXT_IMA4 AL_EXT_LINEAR_DISTANCE AL_EXT_MCFORMATS AL_EXT_MULAW AL_EXT_MULAW_BFORMAT AL_EXT_MULAW_MCFORMATS AL_EXT_OFFSET AL_EXT_source_distance_model AL_EXT_SOURCE_RADIUS AL_EXT_STATIC_BUFFER AL_EXT_STEREO_ANGLES AL_LOKI_quadriphonic AL_SOFT_bformat_ex AL_SOFT_bformat_hoa AL_SOFT_block_alignment AL_SOFT_buffer_length_query AL_SOFT_callback_buffer AL_SOFTX_convolution_effect AL_SOFT_deferred_updates AL_SOFT_direct_channels AL_SOFT_direct_channels_remix AL_SOFT_effect_target AL_SOFT_events AL_SOFT_gain_clamp_ex AL_SOFTX_hold_on_disconnect AL_SOFT_loop_points AL_SOFTX_map_buffer AL_SOFT_MSADPCM AL_SOFT_source_latency AL_SOFT_source_length AL_SOFTX_source_panning AL_SOFT_source_resampler AL_SOFT_source_spatialize AL_SOFT_source_start_delay AL_SOFT_UHJ AL_SOFT_UHJ_ex
[06:09:14.617 I] HRTF disabled
[06:09:14.618 V] Using idle priority for thread=23176
[06:09:14.619 I] Allocated 256 sound sources
[06:09:14.622 I] Low-pass filter supported
[06:09:14.623 I] EAX Reverb supported
[06:09:14.623 I] Enumerated output devices:
[06:09:14.623 I]   OpenAL Soft on Speakers (High Definition Audio Device)  OpenAL Soft on Speakers (Steam Streaming Microphone)  OpenAL Soft on Speakers (Steam Streaming Speakers)
[06:09:14.626 I] Enumerated HRTF names:
[06:09:14.626 I]   Built-In HRTF
[06:09:15.463 I] Loading Lua storage "D:\Backups\OneDrive\All\Documents\My Games\OpenMW\play\global_storage.bin" (3940127 bytes)
[06:09:15.626 I] Loading Lua storage "D:\Backups\OneDrive\All\Documents\My Games\OpenMW\play\player_storage.bin" (6341 bytes)
[06:09:15.924 I] Loading content file builtin.omwscripts
[06:09:16.197 I] Loading content file Morrowind.esm
[06:09:17.074 I] Loading content file Tribunal.esm
[06:09:17.161 I] Loading content file distant_seafloor_2.00.esm
[06:09:17.330 I] Loading content file Bloodmoon.esm
[06:09:17.449 I] Loading content file Patch for Purists.esm
[06:09:17.807 I] Loading content file New Bow of Shadows (MW).ESP
[06:09:17.808 I] Loading content file Tamriel_Data.esm
[06:09:18.074 I] Loading content file TR_Mainland.esm
[06:09:20.709 I] Loading content file OAAB_Data.esm
[06:09:20.739 I] Loading content file RR_Telvanni_Lighthouse_Tel Branora_Eng.ESP
[06:09:20.755 I] Loading content file Solstheim Tomb of The Snow Prince.esm
[06:09:20.916 I] Loading content file NOD - Core.esm
[06:09:20.961 I] Loading content file OAAB_Saplings OpenMW Patch.ESP
[06:09:20.974 I] Loading content file DistantEbonTower.ESP
[06:09:20.989 I] Loading content file distant seafloor TOTSP 2.3.0 edges fix.esp
[06:09:21.078 I] Loading content file LB_TempleBalmora.ESP
[06:09:21.091 I] Loading content file BalmoraHighTownBell.ESP
[06:09:21.107 I] Loading content file BalmoraHighTownBellBCOM.ESP
[06:09:21.137 I] Loading content file Better Clothes Definitive Edition.ESP
[06:09:21.155 I] Loading content file Baar Dau - Ministry of Truth.esp
[06:09:21.161 I] Loading content file Unique_Tavern_Signs_for_Tamriel_Rebuilt_v2.ESP
[06:09:21.183 I] Loading content file Clean_EbonyMailReplacer.ESP
[06:09:21.195 I] Loading content file Old Blue Fin.ESP
[06:09:21.196 I] Loading content file Balmora waterworks merchants addon.ESP
[06:09:21.198 I] Loading content file RubbersWeaponsPack.ESP
[06:09:21.208 I] Loading content file OAAB - The Ashen Divide.ESP
[06:09:21.228 I] Loading content file OAAB_Grazelands.ESP
[06:09:21.262 I] Loading content file Sanctus Shrine.esp
[06:09:21.293 I] Loading content file OAAB - Foyada Mamaea.ESP
[06:09:21.314 I] Loading content file Manor Banners.ESP
[06:09:21.330 I] Loading content file Little_Landscape_-_Path_to_Balmora.esp
[06:09:21.332 I] Loading content file mistify.ESP
[06:09:21.335 I] Loading content file The Dream is the Door.ESP
[06:09:21.354 I] Loading content file COI.ESP
[06:09:21.355 I] Loading content file diverse-blood-openmw-lua.omwscripts
[06:09:21.357 I] Loading content file Silt Strider Animation Restored.ESP
[06:09:21.366 I] Loading content file Khajiit-BaseReplace.ESP
[06:09:21.380 I] Loading content file Khajiit-NPCPlayable.ESP
[06:09:21.387 I] Loading content file Hag Hair for MacKom.ESP
[06:09:21.405 I] Loading content file Familiar  Looks - Unique Characters MacKom-ed.esp
[06:09:21.412 I] Loading content file Better Bodies TR.ESP
[06:09:21.415 I] Loading content file New Argonian Bodies - Clean.esp
[06:09:21.431 I] Loading content file New Khajiit Bodies - Clean.esp
[06:09:21.439 I] Loading content file correctUV Ore Replacer_fixed.esp
[06:09:21.452 I] Loading content file Know Thy Ancestors.esp
[06:09:21.463 I] Loading content file BCOM_Animated_GhostGate_Statues.ESP
[06:09:21.465 I] Loading content file BCOM_Tribal_Erabenimsun.ESP
[06:09:21.467 I] Loading content file BCOM_PfP_patch.ESP
[06:09:21.468 I] Loading content file DM_CrownOfUrshilaku.ESP
[06:09:21.478 I] Loading content file DM_RiverOfFire.ESP
[06:09:21.480 I] Loading content file SuranBarrierRocks.ESP
[06:09:21.481 I] Loading content file RP_Great_Scathes.ESP
[06:09:21.516 I] Loading content file Marbled Zafirbel Bay.ESP
[06:09:21.549 I] Loading content file Shipyards of Vvardenfell.esp
[06:09:21.568 I] Loading content file OAAB Dwemer Pavements.esm
[06:09:21.591 I] Loading content file TracklessGrazelandOpenMW.esp
[06:09:21.624 I] Loading content file Trackless Grazeland OAAB Dwemer Pavements Patch.ESP
[06:09:21.640 I] Loading content file Bal'laku - The Lonely Towers.esp
[06:09:21.656 I] Loading content file DM_SouthernAshlandsTrees.ESP
[06:09:21.659 I] Loading content file DM_AshlandsWall.ESP
[06:09:21.661 I] Loading content file Justice4Khartag.esp
[06:09:21.670 I] Loading content file Containers Animated.esp
[06:09:21.679 I] Loading content file Velothi Wall Art.ESP
[06:09:21.698 I] Loading content file Concept art palace.ESP
[06:09:21.717 I] Loading content file CAP_Interior_Cluttering.ESP
[06:09:21.727 I] Loading content file CAP_Flame.ESP
[06:09:22.012 I] Loading content file CAP_Flame patch.omwaddon
[06:09:22.013 I] Loading content file CAP_Rotating_Planets.ESP
[06:09:22.017 I] Loading content file CAP_Bridge.ESP
[06:09:22.019 I] Loading content file CAP_Cluttered Staircase.ESP
[06:09:22.021 I] Loading content file CAP_Door.ESP
[06:09:22.023 I] Loading content file The Mountain of Fear.ESP
[06:09:22.025 I] Loading content file Bitter Coast Waterway.esp
[06:09:22.034 I] Loading content file Bitter Coast Waterway Cliff Fix.esp
[06:09:22.036 I] Loading content file Little Landscape - Path to Pelagiad.esp
[06:09:22.039 I] Loading content file Little Landscape - Path to Pelagiad Rock Fix.esp
[06:09:22.049 I] Loading content file Gates of Ascadia.ESP
[06:09:22.068 I] Loading content file Faces of Vel - Ash Mire.ESP
[06:09:22.085 I] Loading content file 1.2dagothspartyCLEANED.esp
[06:09:22.096 I] Loading content file Unique Dagoth Brandy & Amulet.ESP
[06:09:22.110 I] Loading content file Better Skulls.ESP
[06:09:22.124 I] Loading content file Better Robes TR.esp
[06:09:22.142 I] Loading content file Better Robes.ESP
[06:09:22.155 I] Loading content file New Randagulf's Fists.ESP
[06:09:22.175 I] Loading content file ABCmod.ESP
[06:09:22.180 I] Loading content file PR Perfect Scum.esp
[06:09:22.182 I] Loading content file Eltonbrand Replacer.ESP
[06:09:22.184 I] Loading content file New Widowmaker.ESP
[06:09:22.185 I] Loading content file New Bow of Shadows.esp
[06:09:22.196 I] Loading content file Glowing_Mines.ESP
[06:09:22.209 I] Loading content file RPNR_Library.ESP
[06:09:22.220 I] Loading content file NOD_RPNR_Library_patch.esp
[06:09:22.234 I] Loading content file DN-Lighted_Dwemer_Towers.ESP
[06:09:22.236 I] Loading content file SR_1_BoundSpells.esp
[06:09:22.248 I] Loading content file SR_3_ElementalShields.esp
[06:09:22.256 I] Loading content file FM - Unique Items v1.0.ESP
[06:09:22.273 I] Loading content file FM - Unique Items v1.0 - PfP.ESP
[06:09:22.277 I] Loading content file Unique Jewelry Redone.ESP
[06:09:22.298 I] Loading content file Dwarven Spectres BB.ESP
[06:09:22.317 I] Loading content file Store Entrance Chimes - Alt Ver.ESP
[06:09:22.319 I] Loading content file Store Entrance Chimes - TR Mainland.ESP
[06:09:22.331 I] Loading content file PherimAnimatedBellowsSounds.omwaddon
[06:09:22.333 I] Loading content file HD Forge.omwscripts
[06:09:22.334 I] Loading content file Flies.ESP
[06:09:22.348 I] Loading content file RP_fireflies.ESP
[06:09:22.352 I] Loading content file Logs on Fire.esp
[06:09:22.357 I] Loading content file Logs on Fire Tamriel Rebuilt.esp
[06:09:22.362 I] Loading content file Dynamic Ambient Visual Effects.omwscripts
[06:09:22.363 I] Loading content file Royal_Barenziah.ESP
[06:09:22.378 I] Loading content file Meteor.esp
[06:09:22.383 I] Loading content file Clean_sm_golden_mask.ESP
[06:09:22.404 I] Loading content file GITD_Telvanni_Dormers.ESP
[06:09:22.406 I] Loading content file GITD_WL_RR_Interiors.esp
[06:09:22.418 I] Loading content file RR_Telvanni_Lighthouse_Tel Vos_Eng.ESP
[06:09:22.435 I] Loading content file RR_Vivec_Statues_Eng.esp
[06:09:22.437 I] Loading content file ghastly gg.esp
[06:09:22.446 I] Loading content file Holamayan Island.esp
[06:09:22.494 I] Loading content file Static Switching System.esp
[06:09:22.496 I] Loading content file The Grove of Ben'Abi Enhanced.ESP
[06:09:22.513 I] Loading content file Mid Mushroom Overhaul.ESP
[06:09:22.517 I] Loading content file Missing snow armor.esp
[06:09:22.519 I] Loading content file TOTSP TD Content Integration.esp
[06:09:22.522 I] Loading content file TOTSP_Patch_for_Purists_5.0.6.esp
[06:09:22.534 I] Loading content file TOTSP_Forceful_Travel_NPC_Override.ESP
[06:09:22.536 I] Loading content file Guar stables of Vivec.ESP
[06:09:22.539 I] Loading content file Immersive Mournhold.esp
[06:09:22.557 I] Loading content file Immersive Mournhold Corner Tower Remover Patch.esp
[06:09:22.559 I] Loading content file distant-fixes-lua-edition.omwscripts
[06:09:22.560 I] Loading content file tamrielrebuilt.omwscripts
[06:09:22.561 I] Loading content file book-jackets.esp
[06:09:22.580 I] Loading content file OAAB_BookJackets.omwaddon
[06:09:22.595 I] Loading content file Mage Robes.ESP
[06:09:22.615 I] Loading content file mage-robes-for-openmw-lua.omwscripts
[06:09:22.616 I] Loading content file Telvanni Magister Robes.esp
[06:09:22.624 I] Loading content file Telvanni Magister Robes Anticheese.esp
[06:09:22.637 I] Loading content file Nordic Dagon Fel NPCs.ESP
[06:09:22.652 I] Loading content file TR_BCOM_Patch.ESP
[06:09:22.668 I] Loading content file BCOM_Cluttered_Canal.ESP
[06:09:22.672 I] Loading content file Hawia Infrastructure.ESP
[06:09:22.682 I] Loading content file TelvanniSeaBeacons.ESP
[06:09:22.684 I] Loading content file Beautiful cities of Morrowind.ESP
[06:09:22.796 I] Loading content file BCOM_Vanilla_Skar.ESP
[06:09:22.798 I] Loading content file BCOM_RR_Statues.ESP
[06:09:22.800 I] Loading content file BCoM_logs_on_fire.ESP
[06:09:22.801 I] Loading content file RP_Ald'ruhn_Architecture_Variety.ESP
[06:09:22.803 I] Loading content file Unique Banners and Signs.esp
[06:09:22.826 I] Loading content file Unique Banners and Signs Rat in the Pot.esp
[06:09:22.834 I] Loading content file LB_RatPot.ESP
[06:09:22.848 I] Loading content file BCoM_Khuul_Lighthouse_02.ESP
[06:09:22.858 I] Loading content file Magical Lights.ESP
[06:09:22.874 I] Loading content file Magical Lights_Council Pathway.ESP
[06:09:22.885 I] Loading content file DM_TelvRRtoOAAB.ESP
[06:09:22.896 I] Loading content file RP_Maar_Gan.ESP
[06:09:22.919 I] Loading content file RP_Maar_Gan_Ashlander_Addon.ESP
[06:09:22.931 I] Loading content file BCOM_Decorated_Cantons.ESP
[06:09:22.933 I] Loading content file BCOM_Vivec_Arena_planters.ESP
[06:09:22.946 I] Loading content file BCOM_Vivec_Planters.ESP
[06:09:22.948 I] Loading content file BCOM_Vivec_Street_Vendors.ESP
[06:09:22.950 I] Loading content file BCOM_Vivec_Temple_Fountains.ESP
[06:09:22.951 I] Loading content file HumblePrayerHall.ESP
[06:09:22.953 I] Loading content file Planters for Ajira.ESP
[06:09:22.956 I] Loading content file Under-Skar.ESP
[06:09:22.965 I] Loading content file RPNR_Hall_of_justice.ESP
[06:09:22.967 I] Loading content file OAAB Market.ESP
[06:09:22.984 I] Loading content file Hanging Gardens of Suran.esp
[06:09:22.986 I] Loading content file IGE.ESP
[06:09:22.989 I] Loading content file Raven Rock Enhanced for TOTSP.ESP
[06:09:23.006 I] Loading content file Solstheim Interior Overhaul Project.ESP
[06:09:23.025 I] Loading content file Cliff_racer_restored.ESP
[06:09:23.030 I] Loading content file RPNR_Shrine_Of_Azura.ESP
[06:09:23.042 I] Loading content file Nordic Dagon Fel.ESP
[06:09:23.054 I] Loading content file Dagon Fel Mill.ESP
[06:09:23.071 I] Loading content file Dagon_Fel_Lighthouse.ESP
[06:09:23.085 I] Loading content file BCOM_Sadrith_Mora_dock_expanded.ESP
[06:09:23.105 I] Loading content file RP_Arano_Plantation_Windmill.ESP
[06:09:23.114 I] Loading content file Concept_Arts_plantations.esp
[06:09:23.129 I] Loading content file MinorPlantationsRedone.esp
[06:09:23.145 I] Loading content file AscadianFarmhouses.ESP
[06:09:23.149 I] Loading content file BCOM_pathgrid_reset.ESP
[06:09:23.172 I] Loading content file BCoM_WaterWorks.ESP
[06:09:23.175 I] Loading content file Vivec_Lighthouse.ESP
[06:09:23.191 I] Loading content file Little_Landscape_-_Path_to_Vivec_Lighthouse.esp
[06:09:23.197 I] Loading content file Great Seawall of Vivec.ESP
[06:09:23.213 I] Loading content file Little Landscape Vivec Islands Plain.ESP
[06:09:23.223 I] Loading content file Odai River Upper Overhaul.esp
[06:09:23.225 I] Loading content file Odai River Overhaul Statue Remover Patch.esp
[06:09:23.241 I] Loading content file Little Landscapes - Seyda Neen Swamp Pools.ESP
[06:09:23.243 I] Loading content file Little Landscape - Nix Hunting Ground.esp
[06:09:23.245 I] Loading content file Little Landscape - Foyada of Sharp Teeth.esp
[06:09:23.247 I] Loading content file Little Landscape - Foyada of Sharp Teeth Rock Fix.esp
[06:09:23.249 I] Loading content file BCoM_Caldera_MG_Basement.ESP
[06:09:23.251 I] Loading content file BCoM_Concept_Art_Husk_Urshilaku.ESP
[06:09:23.263 I] Loading content file BCoM_AldRuhn_Outdoor_Merchants.ESP
[06:09:23.265 I] Loading content file BCoM_Imperial_Gaehouse_Buckmoth.ESP
[06:09:23.267 I] Loading content file BCoM_Imperial_Gaehouse_MoonMoth.ESP
[06:09:23.268 I] Loading content file BCoM_Imperial_Gatehouse_Pelagiad.ESP
[06:09:23.270 I] Loading content file Yet Another Guard Diversity - Full Cephalopod.ESP
[06:09:23.277 I] Loading content file IO - Solstheim.ESP
[06:09:23.280 I] Loading content file IO - TR Imperial Guards.ESP
[06:09:23.290 I] Loading content file Vibrant Ivy.ESP
[06:09:23.292 I] Loading content file Vibrant Ivy - BCoM addon.esp
[06:09:23.293 I] Loading content file Trellis addon - BCoM.ESP
[06:09:23.295 I] Loading content file BlightedAnimalsRetextured.esp
[06:09:23.297 I] Loading content file Blighted Beasts Retextured.esp
[06:09:23.299 I] Loading content file Rather Nice Factor's Estate.esp
[06:09:23.301 I] Loading content file Rather Nice Factor's Estate - GitD.esp
[06:09:23.306 I] Loading content file RnFE - Patch for Purists.esp
[06:09:23.307 I] Loading content file Steel_broadsword_alternative.esp
[06:09:23.317 I] Loading content file Remiros' Uniques.ESP
[06:09:23.328 I] Loading content file DaedricArmor.esp
[06:09:23.342 I] Loading content file RPNR_Almalexia_Chamber.ESP
[06:09:23.355 I] Loading content file BCOM_MarbledZafirbelBay_WHO.esp
[06:09:23.367 I] Loading content file BCOM_Suran Expansion.ESP
[06:09:23.386 I] Loading content file BCOM - Taller Lighthouse.ESP
[06:09:23.389 I] Loading content file BCoM_Open_Cantons.ESP
[06:09:23.391 I] Loading content file BCoM - Atmospheric_Arena.ESP
[06:09:23.393 I] Loading content file BCoM_Atmospheric_Plazas.ESP
[06:09:23.394 I] Loading content file Interior exterior flag reset_Atmospheric Arena.ESP
[06:09:23.396 I] Loading content file Interior exterior flag reset_Atmospheric Plazas.ESP
[06:09:23.397 I] Loading content file sm_tel_robe.ESP
[06:09:23.399 I] Loading content file The_magic_rock_of_Maar_Gan.ESP
[06:09:23.407 I] Loading content file CalderaGovernorsManor.ESP
[06:09:23.420 I] Loading content file BearArmorReplacer.ESP
[06:09:23.431 I] Loading content file sm_boiled_netch_set_vanilla.ESP
[06:09:23.441 I] Loading content file Bob's Diverse Dagoths - Hostile Gilvoth.esp
[06:09:23.459 I] Loading content file TheForgottenShields - Artifacts_NG.esp
[06:09:23.473 I] Loading content file JASPR-V.ESP
[06:09:23.475 I] Loading content file JASPR-TR.ESP
[06:09:23.488 I] Loading content file OAAB_Tel Mora.esm
[06:09:23.515 I] Loading content file OAAB_Tel Mora_Female Guards.ESP
[06:09:23.528 I] Loading content file Westly_Presents_Unique_Winged_Twilights.esp
[06:09:23.542 I] Loading content file EKM Native Corprus Variants - Vanilla - All.esp
[06:09:23.561 I] Loading content file ReAnimation_API.omwscripts
[06:09:23.562 I] Loading content file ReAnimation_v2_Rogue.omwscripts
[06:09:23.563 I] Loading content file third-person-alt-attacks.omwscripts
[06:09:23.564 I] Loading content file Impact Effects.omwscripts
[06:09:23.565 I] Loading content file footsteps.omwscripts
[06:09:23.566 I] Loading content file animated-levitation.omwscripts
[06:09:23.566 I] Loading content file harvest-lights.omwscripts
[06:09:23.567 I] Loading content file MOMW Sadrith Mora Pathgrid Reset-GO.esp
[06:09:23.568 I] Loading content file S3LightFixes.omwaddon
[06:09:23.589 I] Loading content file bcomxpfp.omwaddon
[06:09:23.603 I] Loading content file Tamriel_Data.omwscripts
[06:09:23.605 I] Loading content file friendly-autosave.omwscripts
[06:09:23.606 I] Loading content file SME - Actor UI and Healthbar.omwscripts
[06:09:23.607 I] Loading content file S3maphore.esp
[06:09:23.615 I] Loading content file momw-gameplay.omwscripts
[06:09:23.616 I] Loading content file momw-gameplay-controls.omwscripts
[06:09:23.617 I] Loading content file momw-gameplay-camera.omwscripts
[06:09:23.618 I] Loading content file momw-gameplay-ui.omwscripts
[06:09:23.619 I] Loading content file delta-merged.omwaddon
[06:09:23.648 I] Loading content file deleted_groundcover.omwaddon
[06:09:23.784 I] Loading content file Expansion Delay.ESP
[06:09:23.795 I] Loading content file Starfires NPC Additions ver-1.13.esp
[06:09:23.944 I] Loading content file LCV Schedule Markers.esp
[06:09:23.945 I] Loading content file NPC LCV Schedules 03.esp
[06:09:23.982 I] Loading content file Morrowind Crafting 2-1.esp
[06:09:24.016 I] Loading content file Morrowind Crafting Equipment.esp
[06:09:24.018 I] Loading content file Purist-friendly magicka regen.ESP
[06:09:24.031 I] Loading content file True Strike - Skill Scaling Combat.omwaddon
[06:09:24.032 I] Loading content file True Strike - Skill Scaling Combat.omwscripts
[06:09:24.033 I] Loading content file Voices of Vvardenfell.omwscripts
[06:09:24.034 I] Loading content file scifi-rewrite-momw.esp
[06:09:24.051 I] Loading content file scifi-rewrite.omwscripts
[06:09:24.053 I] Loading groundcover:
[06:09:24.054 I] Loading ESM data...
[06:09:24.070 I] Loading ESM file D:\Games\OpenMWMods\graphics-overhaul\Groundcover\OAABSaplings\00 Core\OAAB_Saplings.esm
[06:09:24.075 I] Loading ESM file D:\Games\OpenMWMods\graphics-overhaul\Groundcover\OAABSaplings\01 BCOM patch\OAAB_Saplings BCOM patch.esp
[06:09:24.077 I] Loading ESM file D:\Games\OpenMWMods\graphics-overhaul\Groundcover\OAABSaplings\03 Concept Arts plantations patch\OAAB_Saplings Concept Arts plantations patch.esp
[06:09:24.078 I] Loading ESM file D:\Games\OpenMWMods\graphics-overhaul\Groundcover\OAABSaplings\04 Great Seawall of Vivec patch\OAAB_Saplings Great Seawall of Vivec patch.esp
[06:09:24.079 I] Loading ESM file D:\Games\OpenMWMods\graphics-overhaul\Groundcover\OAABSaplings\06 Minor Plantations Redone patch\OAAB_Saplings Minor Plantations Redone patch.esp
[06:09:24.093 I] Loading ESM file D:\Games\OpenMWMods\graphics-overhaul\Groundcover\LushSynthesis\LUSH_UNDERWATER\lush3_RI_TR_TOTSP.esp
[06:09:24.370 I] Loading ESM file D:\Games\OpenMWMods\graphics-overhaul\Groundcover\LushSynthesis\LUSH_UNDERWATER\lush3_SE_TR_TOTSP.esp
[06:09:24.829 I] Loading ESM file D:\Games\OpenMWMods\graphics-overhaul\Groundcover\RemirosGroundcover\00 Core OpenMW\Rem_AL.esp
[06:09:24.921 I] Loading ESM file D:\Games\OpenMWMods\graphics-overhaul\Landmasses\SolstheimTomboftheSnowPrince\012 Remiros' Groundcover for TOTSP\Rem-TOTSP.esp
[06:09:25.025 I] Loading ESM file D:\Games\OpenMWMods\graphics-overhaul\CitiesTowns\BeautifulCitiesofMorrowind\05 Grass Patches\01 Remiros Groundcover\Rem_GL_Trackless_GL.esp
[06:09:25.103 I] Loading ESM file D:\Games\OpenMWMods\graphics-overhaul\CitiesTowns\BeautifulCitiesofMorrowind\05 Grass Patches\01 Remiros Groundcover\Rem_WG.esp
[06:09:25.166 I] Loading ESM file D:\Games\OpenMWMods\graphics-overhaul\PatchesFixesandConsistency\MOMWPatches\24 BCOM+Dagon Fel Lighthouse+Remiros' Groundcover Patch\REM_AC.ESP
[06:09:25.299 I] Loading ESM file D:\Games\OpenMWMods\graphics-overhaul\CitiesTowns\OAABGrazelands\01 Remiros Groundcover GL Patch for Trackless Grazelands\Rem_GL - OAAB Landscape.esp
[06:09:25.321 I] Loading ESM file D:\Games\OpenMWMods\graphics-overhaul\PatchesFixesandConsistency\MOMWPatches\61 Remiros BC MOMW Patch\Rem_BC.esp
[06:09:25.360 I] Loading ESM file D:\Games\OpenMWMods\graphics-overhaul\PatchesFixesandConsistency\MOMWPatches\51 Remiros AI MOMW Patch\Rem_AI.ESP
[06:09:25.403 I] Loading ESM file D:\Games\OpenMWMods\graphics-overhaul\Groundcover\LushSynthesis\LUSH_TR\MERGED\lush3_TR_merged.esp
[06:09:26.850 I] Loading ESM file D:\Games\OpenMWMods\graphics-overhaul\Tools\MOMWToolsPack\groundcover.omwaddon
[06:09:26.931 I] Loaded 3822 cells, 537 statics,
[06:09:26.958 I] Prepared 3822 unique cells, 523 unique statics,
[06:09:26.982 V] Lua scripts configuration (105 scripts):
[06:09:26.983 V] #0 MENU PLAYER : scripts/omw/mwui/init.lua
[06:09:26.984 V] #1 MENU : scripts/omw/settings/menu.lua
[06:09:26.984 V] #2 PLAYER : scripts/omw/settings/player.lua
[06:09:26.985 V] #3 GLOBAL : scripts/omw/settings/global.lua
[06:09:26.985 V] #4 GLOBAL : scripts/omw/activationhandlers.lua
[06:09:26.987 V] #5 GLOBAL : scripts/omw/usehandlers.lua
[06:09:26.988 V] #6 GLOBAL : scripts/omw/worldeventhandlers.lua
[06:09:26.988 V] #7 GLOBAL : scripts/omw/crimes.lua
[06:09:26.989 V] #8 PLAYER CREATURE NPC : scripts/omw/mechanics/animationcontroller.lua
[06:09:26.990 V] #9 PLAYER : scripts/omw/skillhandlers.lua
[06:09:26.990 V] #10 PLAYER : scripts/omw/mechanics/playercontroller.lua
[06:09:26.991 V] #11 MENU : scripts/omw/camera/settings.lua
[06:09:26.991 V] #12 MENU : scripts/omw/input/settings.lua
[06:09:26.992 V] #13 PLAYER : scripts/omw/input/playercontrols.lua
[06:09:26.992 V] #14 PLAYER : scripts/omw/camera/camera.lua
[06:09:26.993 V] #15 PLAYER : scripts/omw/input/actionbindings.lua
[06:09:26.994 V] #16 PLAYER : scripts/omw/input/smoothmovement.lua
[06:09:26.994 V] #17 PLAYER : scripts/omw/input/gamepadcontrols.lua
[06:09:26.995 V] #18 NPC CREATURE : scripts/omw/ai.lua
[06:09:26.995 V] #19 GLOBAL : scripts/omw/mechanics/globalcontroller.lua
[06:09:26.996 V] #20 PLAYER CREATURE NPC : scripts/omw/mechanics/actorcontroller.lua
[06:09:26.996 V] #21 PLAYER NPC CREATURE : scripts/omw/combat/interface.lua
[06:09:26.997 V] #22 PLAYER : scripts/omw/ui.lua
[06:09:26.997 V] #23 MENU : scripts/omw/console/menu.lua
[06:09:26.998 V] #24 PLAYER : scripts/omw/console/player.lua
[06:09:26.998 V] #25 GLOBAL : scripts/omw/console/global.lua
[06:09:26.999 V] #26 CUSTOM : scripts/omw/console/local.lua
[06:09:26.999 V] #27 NPC CREATURE : scripts/omw/music/actor.lua
[06:09:27.000 V] #28 GLOBAL : scripts/omw/cellhandlers.lua
[06:09:27.001 V] #29 GLOBAL : scripts/omw/combat/global.lua
[06:09:27.001 V] #30 MENU : scripts/omw/combat/menu.lua
[06:09:27.002 V] #31 PLAYER NPC CREATURE : scripts/omw/combat/local.lua
[06:09:27.002 V] #32 PLAYER : scripts/omw/music/music.lua
[06:09:27.003 V] #33 MENU : scripts/omw/music/settings.lua
[06:09:27.004 V] #34 PLAYER : scripts/omw/playerskillhandlers.lua
[06:09:27.004 V] #35 LOAD : scripts/omw/esmfallbacks.lua
[06:09:27.005 V] #36 GLOBAL : scripts/diverse-blood-openmw-lua/global.lua
[06:09:27.006 V] #37 CUSTOM : scripts/diverse-blood-openmw-lua/creatures.lua
[06:09:27.006 V] #38 PLAYER : scripts/diverse-blood-openmw-lua/player.lua
[06:09:27.007 V] #39 MENU : scripts/diverse-blood-openmw-lua/renderer.lua
[06:09:27.007 V] #40 GLOBAL : scripts/hdforge/global.lua
[06:09:27.008 V] #41 MENU : scripts/dynamicvisuals/menusettings.lua
[06:09:27.009 V] #42 PLAYER : scripts/dynamicvisuals/player.lua
[06:09:27.009 V] #43 GLOBAL : scripts/dynamicvisuals/global.lua
[06:09:27.010 V] #44 MENU : scripts/staticswitcher/menu.lua
[06:09:27.010 V] #45 GLOBAL : scripts/staticswitcher/global.lua
[06:09:27.011 V] #46 GLOBAL : scripts/distant-fixes/global.lua
[06:09:27.011 V] #47 PLAYER : scripts/distant-fixes/player.lua
[06:09:27.012 V] #48 GLOBAL : scripts/tamrielrebuilt/strongholds.lua
[06:09:27.012 V] #49 MENU : scripts/tamrielrebuilt/menu_settings.lua
[06:09:27.013 V] #50 MENU : scripts/tamrielrebuilt/firemothcomp.lua
[06:09:27.013 V] #51 GLOBAL : scripts/mage-robes-openmw-lua/global.lua
[06:09:27.014 V] #52 NPC : scripts/mage-robes-openmw-lua/npc.lua
[06:09:27.015 V] #53 PLAYER NPC : scripts/maxyari/reanimation_v2/reanimationapi.lua
[06:09:27.015 V] #54 PLAYER : scripts/maxyari/reanimation_v2/animationoverrides.lua
[06:09:27.016 V] #55 PLAYER NPC : scripts/third-person-alt-attacks/reanimate.lua
[06:09:27.016 V] #56 MENU : scripts/third-person-alt-attacks/settings.lua
[06:09:27.017 V] #57 GLOBAL : scripts/third-person-alt-attacks/global.lua
[06:09:27.017 V] #58 MENU : scripts/impacteffects/settings.lua
[06:09:27.018 V] #59 PLAYER : scripts/impacteffects/player.lua
[06:09:27.018 V] #60 CUSTOM : scripts/impacteffects/npc.lua
[06:09:27.019 V] #61 GLOBAL : scripts/impacteffects/global.lua
[06:09:27.020 V] #62 PLAYER : scripts/footsteps/player.lua
[06:09:27.021 V] #63 MENU : scripts/footsteps/settings.lua
[06:09:27.021 V] #64 GLOBAL : scripts/footsteps/global.lua
[06:09:27.022 V] #65 NPC : scripts/footsteps/npc.lua
[06:09:27.023 V] #66 PLAYER : scripts/animated-levitation/player.lua
[06:09:27.023 V] #67 NPC : scripts/animated-levitation/npc.lua
[06:09:27.024 V] #68 GLOBAL : scripts/animated-levitation/global.lua
[06:09:27.024 V] #69 MENU : scripts/animated-levitation/settings.lua
[06:09:27.025 V] #70 CONTAINER : scripts/harvest-lights/container.lua
[06:09:27.025 V] #71 GLOBAL : scripts/harvest-lights/global.lua
[06:09:27.026 V] #72 LIGHT : scripts/harvest-lights/light.lua
[06:09:27.026 V] #73 PLAYER : scripts/harvest-lights/player.lua
[06:09:27.027 V] #74 MENU : scripts/tamrieldata/menu_settings.lua
[06:09:27.027 V] #75 GLOBAL : scripts/tamrieldata/global_restrict_equipment.lua
[06:09:27.028 V] #76 GLOBAL : scripts/tamrieldata/global_magic_passwall.lua
[06:09:27.028 V] #77 GLOBAL : scripts/tamrieldata/global_mwscript_variable.lua
[06:09:27.029 V] #78 PLAYER : scripts/tamrieldata/player_magic.lua
[06:09:27.029 V] #79 PLAYER : scripts/tamrieldata/player_restrict_equipment.lua
[06:09:27.030 V] #80 MENU : scripts/tamrieldata/menu_version_warning.lua
[06:09:27.031 V] #81 PLAYER : scripts/friendly-autosave/player.lua
[06:09:27.031 V] #82 MENU : scripts/friendly-autosave/menu.lua
[06:09:27.032 V] #83 NPC CREATURE : scripts/friendly-autosave/actor.lua
[06:09:27.033 V] #84 GLOBAL : scripts/friendly-autosave/global.lua
[06:09:27.033 V] #85 PLAYER : scripts/sme_settings.lua
[06:09:27.034 V] #86 PLAYER : scripts/sme_style_settings.lua
[06:09:27.034 V] #87 PLAYER : scripts/sme_widget.lua
[06:09:27.035 V] #88 PLAYER : scripts/sme_hitchance.lua
[06:09:27.035 V] #89 PLAYER : scripts/s3/music/core.lua
[06:09:27.037 V] #90 GLOBAL : scripts/s3/music/staticcollection.lua
[06:09:27.038 V] #91 PLAYER : scripts/momw-gameplay/player.lua
[06:09:27.038 V] #92 GLOBAL : scripts/momw-gameplay/global.lua
[06:09:27.039 V] #93 PLAYER : scripts/momw-gameplay/player-controls.lua
[06:09:27.039 V] #94 PLAYER : scripts/momw-gameplay/player-camera.lua
[06:09:27.040 V] #95 PLAYER : scripts/momw-gameplay/player-ui.lua
[06:09:27.041 V] #96 PLAYER : scripts/true_strike_skill_scaling_combat/settings.lua
[06:09:27.041 V] #97 GLOBAL : scripts/true_strike_skill_scaling_combat/global.lua
[06:09:27.042 V] #98 CUSTOM : scripts/true_strike_skill_scaling_combat/main.lua
[06:09:27.042 V] #99 GLOBAL : scripts/touch/global.lua
[06:09:27.043 V] #100 CUSTOM : scripts/touch/touch.lua
[06:09:27.043 V] #101 PLAYER : scripts/aivoices/player.lua
[06:09:27.044 V] #102 GLOBAL : scripts/aivoices/global.lua
[06:09:27.044 V] #103 LOAD : scripts/rewrite/apply.lua
[06:09:27.045 V] #104 PLAYER : scripts/rewrite/topic.lua
[06:09:27.101 I] Load[scripts/rewrite/apply.lua]:	[REWRITE] rules 23, targets 132, table 812a892ea58b
[06:09:27.102 I] Load[scripts/rewrite/apply.lua]:	[REWRITE] changed 132, skipped 0, failed 0
[06:09:27.103 I] Load[scripts/rewrite/apply.lua]:	[REWRITE] light: particle tx_firealpha00A.tga -> vfx_zen_light.dds
[06:09:27.240 V] NPC "rp_arena_dunmer_f_01" (Vulyne) has nonexistent faction "Arena Red Team", ignoring it.
[06:09:27.241 V] NPC "wr_morEri_s1" (Erielle) has nonexistent faction "wr_morFaction1", ignoring it.
[06:09:27.243 V] NPC "Rp_arena NPC_01" (Pyke) has nonexistent faction "Arena Blue Team", ignoring it.
[06:09:27.247 V] NPC "RP_arena_NPC_02" (Ababae Salkatanat) has nonexistent faction "Arena Red Team", ignoring it.
[06:09:27.250 V] Enchantment "test magic axe": dropping unexpected skill argument of "FortifyMaximumMagicka" effect
[06:09:30.342 I] Using 4 async physics threads
[06:09:30.342 I] Using D:\Backups\OneDrive\All\Documents\My Games\OpenMW/navmesh.db to store navigation mesh cache
[06:09:30.364 I] Reserving texture units for shadow maps: 28..31
[06:09:30.364 V] Using idle priority for thread=17204
[06:09:30.407 I] Reserving texture unit for opaque depth texture: 27
[06:09:30.409 V] Disabling Multiview (disabled by config)
[06:09:30.551 I] Initialized compute shader pipeline for water ripples
[06:09:30.607 I] Reserving texture unit for sky RTT: 26
[06:09:30.709 V] Language file "l10n/Interface/gmst.yaml" is enabled
[06:09:30.725 V] Language file "l10n/Interface/en.yaml" is enabled
[06:09:35.190 W] ReadDDSFile warning: couldn't read mipmapData
[06:09:35.999 V] Language file "l10n/OMWEngine/gmst.yaml" is enabled
[06:09:36.026 V] Language file "l10n/OMWEngine/en.yaml" is enabled
[06:09:38.078 V] Language file "l10n/OMWShaders/en.yaml" is enabled
[06:09:38.746 V] Language file "l10n/OMWCamera/en.yaml" is enabled
[06:09:38.807 V] Language file "l10n/OMWControls/en.yaml" is enabled
[06:09:38.809 V] Language file "l10n/interface/gmst.yaml" is enabled
[06:09:38.811 V] Language file "l10n/interface/en.yaml" is enabled
[06:09:38.948 V] Language file "l10n/Calendar/gmst.yaml" is enabled
[06:09:38.978 V] Language file "l10n/Calendar/en.yaml" is enabled
[06:09:39.021 V] Language file "l10n/OMWCombat/en.yaml" is enabled
[06:09:39.068 V] Language file "l10n/S3Music/en.yaml" is enabled
[06:09:39.111 V] Language file "l10n/DynamicVisuals/en.yaml" is enabled
[06:09:39.143 V] Language file "l10n/StaticSwitcher/en.yaml" is enabled
[06:09:39.167 V] Language file "l10n/TamrielRebuilt/en.yaml" is enabled
[06:09:39.171 W] No language files for the preferred languages found in "l10n/ThirdPersonAltAttacks"
[06:09:39.188 V] Language file "l10n/ImpactEffects/en.yaml" is enabled
[06:09:39.190 W] No language files for the preferred languages found in "l10n/Footsteps"
[06:09:39.192 W] No language files for the preferred languages found in "l10n/AnimatedLevitation"
[06:09:39.234 V] Language file "l10n/TamrielData/en.yaml" is enabled
[06:09:39.538 I] Playing "music/special/morrowind title.mp3"
[06:09:39.676 I] Unhandled SDL event of type 0x607
[06:10:03.448 I] Reading save file Autosave.omwsave
[06:10:03.493 I] Loading saved game 'Autosave' for character 'Faig'
[06:10:03.711 I] Warning: mc_firestarterscript[local variables] line 67, column 13 (=): invalid operator =, treating it as ==
[06:10:03.722 I] Warning: rp_b_rl_script1[local variables] line 7, column 14 (=): invalid operator =, treating it as ==
[06:10:03.729 I] Warning: mc_sewing_shears[local variables] line 97, column 13 (=): invalid operator =, treating it as ==
[06:10:03.896 I] Warning: rp_caldera_ladder01_s[local variables] line 7, column 14 (=): invalid operator =, treating it as ==
[06:10:03.897 I] Warning: rp_caldera_ladder02_s[local variables] line 7, column 14 (=): invalid operator =, treating it as ==
[06:10:04.160 I] Warning: rp_sn_ladder01_script[local variables] line 7, column 14 (=): invalid operator =, treating it as ==
[06:10:04.173 I] Warning: lookoutScript[local variables] line 41, column 37 (=): invalid operator =, treating it as ==
[06:10:04.296 I] Warning: rp_moonmoth_ladder01_s[local variables] line 7, column 14 (=): invalid operator =, treating it as ==
[06:10:04.348 I] Warning: racistSafe[local variables] line 8, column 14 (=): invalid operator =, treating it as ==
[06:10:07.191 V] Language file "l10n/Mechanics/gmst.yaml" is enabled
[06:10:07.601 I] L@0x1[scripts/omw/settings/player.lua]:	Group key SMESettingsBh doesn't start with Settings
[06:10:07.602 I] L@0x1[scripts/omw/settings/player.lua]:	Group key SMESettingsSt doesn't start with Settings
[06:10:07.603 I] L@0x1[scripts/omw/settings/player.lua]:	Group key SMEHitChanceSettings doesn't start with Settings
[06:10:07.724 E] Not supported handler 'UiModeChanged' in L@0x1[scripts/aivoices/player.lua]
[06:10:07.735 I] L@0x1[scripts/rewrite/topic.lua]:	[REWRITE] topic "Zenar" added to the player
[06:10:07.767 I] Changing to interior
[06:10:07.769 I] Loading cell Vivec, Guild of Fighters
[06:10:26.262 I] Unhandled effect NiPointLight in meshes/x/ex_velothi_window_01.nif
[06:10:30.086 V] Language file "l10n/DiverseBlood/en.yaml" is enabled
[06:10:30.088 V] Language file "l10n/DistantFixes/en.yaml" is enabled
[06:10:30.090 V] Language file "l10n/HarvestLights/en.yaml" is enabled
[06:10:30.107 V] Language file "l10n/FriendlyAutosave/en.yaml" is enabled
[06:10:30.109 W] No language files for the preferred languages found in "l10n/SMESettingsBehavior"
[06:10:30.110 W] No language files for the preferred languages found in "l10n/SMESettingsStyle"
[06:10:30.111 W] No language files for the preferred languages found in "l10n/randomValue"
[06:10:30.112 W] No language files for the preferred languages found in "l10n/SMEhitChance"
[06:10:30.114 V] Language file "l10n/MOMW_Gameplay/en.yaml" is enabled
[06:10:30.115 W] No language files for the preferred languages found in "l10n/TrueStrike"
[06:10:30.135 V] Language file "l10n/AIVoices/en.yaml" is enabled
[06:10:30.195 V] Language file "l10n/S3maphoreTracks_Explore/en.yaml" is enabled
[06:10:30.196 W] Warning generated while parsing layouts of a(n) LuaWidget named 'healthBarContent'. Set 'lua debug=true' in the [Lua] section of settings.cfg to enable detailed warnings.
[06:10:30.197 W] Warning generated while parsing layouts of a(n) LuaWidget named 'TutorialNotifyMenu'. Set 'lua debug=true' in the [Lua] section of settings.cfg to enable detailed warnings.
[06:10:30.199 W] Warning generated while parsing layouts of a(n) LuaWidget named 'TutorialNotifyMenu'. Set 'lua debug=true' in the [Lua] section of settings.cfg to enable detailed warnings.
[06:10:31.997 I] Global[scripts/distant-fixes/global.lua]:	[DistantFixes]: Enabling support for: Beautiful Cities of Morrowind (Beautiful cities of Morrowind.ESP)
[06:10:31.997 I] Global[scripts/distant-fixes/global.lua]:	[DistantFixes]: Enabling support for: Bloodmoon (Bloodmoon.esm)
[06:10:31.999 I] Global[scripts/distant-fixes/global.lua]:	[DistantFixes]: Enabling support for: Morrowind (Ghostgate) (Morrowind.esm)
[06:10:32.000 I] Global[scripts/distant-fixes/global.lua]:	[DistantFixes]: Enabling support for: Morrowind (Hlaalu Faction) (Morrowind.esm)
[06:10:32.001 I] Global[scripts/distant-fixes/global.lua]:	[DistantFixes]: Enabling support for: Morrowind (Redoran Faction) (Morrowind.esm)
[06:10:32.002 I] Global[scripts/distant-fixes/global.lua]:	[DistantFixes]: Enabling support for: Morrowind (Telvanni Faction) (Morrowind.esm)
[06:10:32.056 W] No language files for the preferred languages found in "l10n/ThirdPersonAltAttacksVFX"
[06:10:32.453 I] Global[scripts/harvest-lights/global.lua]:	Registering support for Morrowind.esm
[06:10:32.455 I] Global[scripts/harvest-lights/global.lua]:	Registering support for Tamriel_Data.esm
[06:10:32.773 V] Language file "l10n/S3maphoreTracks_Battle/en.yaml" is enabled
[06:10:32.925 I] Global[scripts/true_strike_skill_scaling_combat/global.lua]:	[TrueStrike Config Log] Enabled: true | Base: 0.50 | Scale: 0.010 | AffectPlayer: true | AffectNPC: true
[06:10:33.361 V] Language file "l10n/S3maphoreTracks_shotn_city/en.yaml" is enabled
[06:10:33.367 V] Language file "l10n/S3maphoreTracks_shotn_wilds/en.yaml" is enabled
[06:10:33.532 I] L@0x1[scripts/s3/music/core.lua]:	[ S3MAPHORE ]: 68 playlists loaded. Ready to play music!
[06:10:34.613 I] Playing "music/explore/mx_explore_3.mp3"
[06:11:36.074 I] Saving shader settings file: D:\Backups\OneDrive\All\Documents\My Games\OpenMW\play\shaders.yaml
[06:11:36.222 I] Saving Lua storage "D:\Backups\OneDrive\All\Documents\My Games\OpenMW\play\global_storage.bin" (3c1f1f bytes)
[06:11:36.225 I] Saving Lua storage "D:\Backups\OneDrive\All\Documents\My Games\OpenMW\play\player_storage.bin" (18c5 bytes)
[06:11:36.706 I] Saved input bindings: D:\Backups\OneDrive\All\Documents\My Games\OpenMW\play\input_v3.xml
[06:11:37.139 I] Quitting peacefully.
